,positive rate,positive rate,lift vs file rate,lift vs file rate,sites,sites
cell_line,data1,dataset0,data1,dataset0,data1,dataset0
dist_stop,,,,,,
"[-1000, -900)",0.033073929961089495,0.030476190476190476,0.4555503685373179,0.6782023918243096,2056,2625
"[-900, -800)",0.04183927091963546,0.027116402116402115,0.5762815398471252,0.6034352878645115,2414,3024
"[-800, -700)",0.03656307129798903,0.018020594965675058,0.5036087523995728,0.40102159806902604,2735,3496
"[-700, -600)",0.032418952618453865,0.0234337637494022,0.4465289075203694,0.5214836361095279,3208,4182
"[-600, -500)",0.0311099393619826,0.020424671385237615,0.4284989524437494,0.45452075109307405,3793,4945
"[-500, -400)",0.04087980448789158,0.023359486447931527,0.5630661376528795,0.5198307049941701,4501,5608
"[-400, -300)",0.05170013919268244,0.02643312101910828,0.7121021750473976,0.5882298810458657,5029,6280
"[-300, -200)",0.05488339470454147,0.03097409176436532,0.7559473795115138,0.689282446098035,5703,6909
"[-200, -100)",0.05721845543244584,0.03910316295208861,0.7881098040073421,0.8701828616906981,6047,7493
"[-100, 0)",0.11210253082414016,0.07302936630602783,1.5440665590990699,1.6251601702271814,6164,7764
"[0, 100)",0.1745635910224439,0.12050141528507885,2.4043864251096814,2.6815801708682074,6015,7419
"[100, 200)",0.17033340893626672,0.11801242236024845,2.3461211687399333,2.6261913270370685,4409,5635
"[200, 300)",0.12369907820398454,0.08806003089825645,1.703793916533268,1.9596453049464417,3363,4531
"[300, 400)",0.09717051377513031,0.06350461133069829,1.3383974451569214,1.413200883161574,2686,3795
"[400, 500)",0.10254163014899212,0.05666251556662515,1.4123775874154367,1.26094019572721,2282,3212
"[500, 600)",0.06673728813559322,0.0385559060637925,0.9192193440911908,0.8580044717808859,1888,2853
"[600, 700)",0.06157635467980296,0.04321728691476591,0.8481341981606108,0.9617365850449769,1624,2499
"[700, 800)",0.059734513274336286,0.031178358551123338,0.8227652283395235,0.6938281003016923,1356,2181
"[800, 900)",0.06516290726817042,0.03116883116883117,0.8975342953166322,0.6936160825475893,1197,1925
"[900, 1000)",0.05723542116630669,0.027946537059538274,0.7883434849252708,0.6219087090885889,926,1646
