data,band,pairs,total,transcript_part,local_part,local_lo,local_hi
"dataset0 (cell line 1), all sites",1-25 nt,49209,7.4470531899960015,3.383050629799191,2.2012833991899314,2.040764109449634,2.37608258403939
"dataset0 (cell line 1), all sites",25-50 nt,56749,6.9462775193444175,3.30907147270061,2.0991621295128446,1.9005679894947205,2.257586263440827
"dataset0 (cell line 1), all sites",50-100 nt,109632,6.143259304100129,3.271443441125718,1.8778436536216585,1.7568362612849386,1.9871229219795203
"dataset0 (cell line 1), all sites",100-200 nt,205612,4.771262312517007,3.25826933916265,1.4643547895715658,1.3882663457067752,1.5563558393561916
"dataset0 (cell line 1), all sites",200-400 nt,357940,3.5390572004783407,3.1780080158891635,1.113608645032999,1.0505026318709387,1.1775146937017789
"dataset0 (cell line 1), all sites",400-800 nt,528014,2.3813023401685935,2.9741137901943473,0.8006762713719114,0.7471508212994438,0.8582156778211277
"dataset0 (cell line 1), all sites",800-1600 nt,535586,1.7262845250186185,2.765301332836826,0.624266333842064,0.5355031351385197,0.7052746316183482
"data1 (cell line 2), all sites",1-25 nt,35186,4.534477980565085,2.127162473722584,2.131702696235348,1.9643710843249511,2.292604126447428
"data1 (cell line 2), all sites",25-50 nt,40576,4.072397132810889,2.039215353488832,1.9970412275699805,1.8474248493014167,2.1602911421118294
"data1 (cell line 2), all sites",50-100 nt,78864,3.5362237269452095,2.0438609449058944,1.7301684518992697,1.6269109845672853,1.824580557335915
"data1 (cell line 2), all sites",100-200 nt,145148,2.712115900391557,2.0224485258493337,1.3410061446446928,1.277859027792373,1.399063185217894
"data1 (cell line 2), all sites",200-400 nt,250421,1.9560803588815365,1.9229343865512083,1.0172371832144391,0.9696628407743904,1.0612322984237719
"data1 (cell line 2), all sites",400-800 nt,358084,1.3398775578910076,1.8207348131319168,0.735899345817545,0.6891355450647684,0.7825577497636615
"data1 (cell line 2), all sites",800-1600 nt,335991,1.178408874775641,1.664763573425454,0.7078535916970606,0.6455351841014367,0.7740200770269038
"shared sites, cell line 1 labels",1-25 nt,26511,6.960571993777768,3.0576209215190913,2.27646662959109,2.0444218855011256,2.4924975090466597
"shared sites, cell line 1 labels",25-50 nt,30688,6.408578706834963,2.8844608403855454,2.2217596498825665,2.0030604208651903,2.4673568993864197
"shared sites, cell line 1 labels",50-100 nt,59260,5.620615421074804,2.9490512988087048,1.9059062903874546,1.7569821138489528,2.0286894636433708
"shared sites, cell line 1 labels",100-200 nt,108948,3.9597872519969948,2.925922098630835,1.3533467804388741,1.2638218598836848,1.4301298412438543
"shared sites, cell line 1 labels",200-400 nt,185689,2.8100414500443387,2.851999521263879,0.9852881913525195,0.9147330373152709,1.0469359568947894
"shared sites, cell line 1 labels",400-800 nt,259816,1.9213522858315293,2.6799173791667212,0.7169445971610303,0.6535889831735013,0.7870883049720275
"shared sites, cell line 1 labels",800-1600 nt,232755,1.6557435084949481,2.5194945187506157,0.657172895663218,0.5542174777763795,0.7605289804136569
"shared sites, cell line 2 labels",1-25 nt,26511,4.427630365696092,2.1531590460552414,2.056341529348639,1.8660209990526084,2.2110340203000822
"shared sites, cell line 2 labels",25-50 nt,30688,4.069525210773097,2.054543265672176,1.98074446947297,1.8045868593016476,2.1343024329081266
"shared sites, cell line 2 labels",50-100 nt,59260,3.4777267484035868,2.053447200572789,1.6936041732329465,1.5875431691247972,1.7928811066660764
"shared sites, cell line 2 labels",100-200 nt,108948,2.626390739052064,2.0214712158909016,1.2992471613772463,1.238189195397226,1.3633776523901524
"shared sites, cell line 2 labels",200-400 nt,185689,1.8705040842401763,1.9173649962614634,0.9755597332210311,0.9195700937528568,1.0246605272494398
"shared sites, cell line 2 labels",400-800 nt,259816,1.3146195820378819,1.7891085163840204,0.734790299190386,0.686934153117251,0.7801232282925926
"shared sites, cell line 2 labels",800-1600 nt,232755,1.0722809461337128,1.5635461889963014,0.6858006202055661,0.6114249798363164,0.7743836551514404
