data,radius,no neighbours,1 neighbour,2+ neighbours,median,mean
dataset0,25,0.41556821352944073,0.378535432295343,0.20589635417521626,1.0,0.8428569083537156
dataset0,50,0.17024245309345196,0.2935373200479325,0.5362202268586156,2.0,1.772829494903068
dataset0,100,0.04031582921584399,0.10654311462762028,0.8531410561565357,3.0,3.5717756365009277
dataset0,200,0.00719808269997866,0.020855562304043073,0.9719463549959783,7.0,6.944401582429127
dataset0,400,0.0019369983092302895,0.003980695677867332,0.9940823060129024,13.0,12.814770432869876
data1,25,0.43332232133024995,0.37211760819293027,0.19456007047681972,1.0,0.8091619865653562
data1,50,0.18719304041405133,0.3012553683515031,0.5115515912344455,2.0,1.7006276841757515
data1,100,0.04739566127078516,0.1188525492787138,0.833751789450501,3.0,3.435590793965422
data1,200,0.009272106596189846,0.026087435304481887,0.9646404580993283,6.0,6.632485409095914
data1,400,0.002488712696839555,0.00496641339059575,0.9925448739125647,12.0,12.14046911133135
