kind,pair,read band (fewer of the two),sites,spearman
same line,A549,1-2 reads,462566,0.8092460018737199
same line,A549,3-9 reads,274333,0.8446886478421761
same line,A549,10-19 reads,73797,0.8821975914662072
same line,A549,20+ reads,66239,0.9194435681843441
same line,H9,1-2 reads,428059,0.8136933161564764
same line,H9,3-9 reads,251996,0.8525539516837798
same line,H9,10-19 reads,65286,0.8902864562004635
same line,H9,20+ reads,50893,0.9243252029442421
same line,H9,1-2 reads,451321,0.8187654315357621
same line,H9,3-9 reads,285729,0.8610088682463491
same line,H9,10-19 reads,87195,0.8943604750621615
same line,H9,20+ reads,85421,0.9307619826711439
same line,H9,1-2 reads,423187,0.8162549708217475
same line,H9,3-9 reads,242473,0.857131996802461
same line,H9,10-19 reads,62517,0.8903055088995836
same line,H9,20+ reads,45392,0.9296014007631453
same line,H9,1-2 reads,474053,0.8136880046932138
same line,H9,3-9 reads,314144,0.857726350350659
same line,H9,10-19 reads,100058,0.8925215670673994
same line,H9,20+ reads,100051,0.9304048172798054
same line,H9,1-2 reads,411559,0.8189355234595626
same line,H9,3-9 reads,221377,0.8587991038978117
same line,H9,10-19 reads,48910,0.891843786190999
same line,H9,20+ reads,34077,0.9280844512255586
same line,H9,1-2 reads,427378,0.8172863219722902
same line,H9,3-9 reads,247980,0.8545537913094722
same line,H9,10-19 reads,64664,0.8915413786493572
same line,H9,20+ reads,50486,0.9273829379722914
same line,H9,1-2 reads,385382,0.8160994425126601
same line,H9,3-9 reads,209048,0.8493256653515268
same line,H9,10-19 reads,51839,0.8840579271390678
same line,H9,20+ reads,40425,0.9214586747733858
same line,H9,1-2 reads,457203,0.8113268541624326
same line,H9,3-9 reads,271167,0.8506190244130274
same line,H9,10-19 reads,68138,0.8898419286321816
same line,H9,20+ reads,51335,0.9266062649777588
same line,H9,1-2 reads,372908,0.8177999310701406
same line,H9,3-9 reads,192435,0.8534365429527241
same line,H9,10-19 reads,43575,0.8849510556566796
same line,H9,20+ reads,32799,0.9202895520426952
same line,H9,1-2 reads,419973,0.8201877142321483
same line,H9,3-9 reads,240853,0.8585741291996581
same line,H9,10-19 reads,61309,0.8921444249360946
same line,H9,20+ reads,45201,0.9305247828700594
same line,H9,1-2 reads,473084,0.8169507244687889
same line,H9,3-9 reads,315824,0.859180792836358
same line,H9,10-19 reads,98533,0.8945667296456562
same line,H9,20+ reads,93989,0.9313435508357736
same line,H9,1-2 reads,411522,0.8233456915530082
same line,H9,3-9 reads,220206,0.8621531309385074
same line,H9,10-19 reads,48684,0.8949329445286262
same line,H9,20+ reads,34101,0.9320840302777751
same line,H9,1-2 reads,451607,0.8131655605624893
same line,H9,3-9 reads,261275,0.8543385685743973
same line,H9,10-19 reads,64119,0.889444525255495
same line,H9,20+ reads,45528,0.9311122457055775
same line,H9,1-2 reads,367276,0.8200641587431268
same line,H9,3-9 reads,186460,0.8560626367938861
same line,H9,10-19 reads,42026,0.8847444053325638
same line,H9,20+ reads,32044,0.9246012837185362
same line,H9,1-2 reads,442483,0.8141453644276961
same line,H9,3-9 reads,234891,0.854022373253637
same line,H9,10-19 reads,49490,0.8888315958754298
same line,H9,20+ reads,34134,0.9287887284564954
same line,HEYA8,1-2 reads,406777,0.8134872296443598
same line,HEYA8,3-9 reads,230265,0.8504054767965786
same line,HEYA8,10-19 reads,56983,0.8915620716934479
same line,HEYA8,20+ reads,39522,0.9309153392739263
same line,HEYA8,1-2 reads,436833,0.8189648472248447
same line,HEYA8,3-9 reads,325037,0.8572178621838303
same line,HEYA8,10-19 reads,119268,0.8925117198049684
same line,HEYA8,20+ reads,143702,0.9338328006592164
same line,HEYA8,1-2 reads,429038,0.8146300272242004
same line,HEYA8,3-9 reads,313698,0.8554330614663758
same line,HEYA8,10-19 reads,111949,0.8892470416741218
same line,HEYA8,20+ reads,114948,0.9305508517520987
same line,HEYA8,1-2 reads,445060,0.815065075765
same line,HEYA8,3-9 reads,340842,0.8555253805945833
same line,HEYA8,10-19 reads,127605,0.8899249701331573
same line,HEYA8,20+ reads,161629,0.9306598938610638
same line,HEYA8,1-2 reads,403256,0.8184936146738264
same line,HEYA8,3-9 reads,227517,0.8535723919535244
same line,HEYA8,10-19 reads,56860,0.8927289051972428
same line,HEYA8,20+ reads,39522,0.9338777979069632
same line,HEYA8,1-2 reads,383894,0.8159687240685009
same line,HEYA8,3-9 reads,220640,0.8492870699828512
same line,HEYA8,10-19 reads,56422,0.8871586479898965
same line,HEYA8,20+ reads,39507,0.9295074679541834
same line,HEYA8,1-2 reads,417220,0.8142932926876587
same line,HEYA8,3-9 reads,233168,0.8487689835055348
same line,HEYA8,10-19 reads,56975,0.8903968596859957
same line,HEYA8,20+ reads,39522,0.9302834202735586
same line,HEYA8,1-2 reads,424650,0.8172495115046748
same line,HEYA8,3-9 reads,306972,0.8571309012173062
same line,HEYA8,10-19 reads,108668,0.8893035474751078
same line,HEYA8,20+ reads,112284,0.9313477489697483
same line,HEYA8,1-2 reads,446502,0.8182267140262127
same line,HEYA8,3-9 reads,336863,0.8573843152114841
same line,HEYA8,10-19 reads,124024,0.8915315168600678
same line,HEYA8,20+ reads,150965,0.9332082518836522
same line,HEYA8,1-2 reads,438869,0.8147968554069445
same line,HEYA8,3-9 reads,325222,0.8556043901723389
same line,HEYA8,10-19 reads,115549,0.889754803511934
same line,HEYA8,20+ reads,116532,0.9292811699590898
same line,Hct116,1-2 reads,468842,0.8137745039011516
same line,Hct116,3-9 reads,323110,0.8517634111162942
same line,Hct116,10-19 reads,106749,0.8857613852570541
same line,Hct116,20+ reads,122036,0.9239699137445994
same line,Hct116,1-2 reads,505108,0.8064209976319653
same line,Hct116,3-9 reads,367273,0.8467013299611078
same line,Hct116,10-19 reads,133536,0.8825139944800177
same line,Hct116,20+ reads,152167,0.9186480093876388
same line,Hct116,1-2 reads,493772,0.8004209897291167
same line,Hct116,3-9 reads,357605,0.8409286982535761
same line,Hct116,10-19 reads,120123,0.8823181462501093
same line,Hct116,20+ reads,134737,0.9295601769987877
same line,HepG2,1-2 reads,482366,0.8045007789278408
same line,HepG2,3-9 reads,404705,0.8447290491739693
same line,HepG2,10-19 reads,160078,0.8793171031996045
same line,HepG2,20+ reads,219027,0.9201562362078516
same line,K562,1-2 reads,399604,0.8197421345128119
same line,K562,3-9 reads,242858,0.8564955001218965
same line,K562,10-19 reads,69005,0.8889027262110473
same line,K562,20+ reads,70836,0.9322045836612027
same line,K562,1-2 reads,349531,0.8144699844237092
same line,K562,3-9 reads,226813,0.84875690909758
same line,K562,10-19 reads,67522,0.8791666508366263
same line,K562,20+ reads,69514,0.9173251611126296
same line,K562,1-2 reads,344277,0.8140619187878706
same line,K562,3-9 reads,219852,0.8468978286300808
same line,K562,10-19 reads,63837,0.8809906088207192
same line,K562,20+ reads,64247,0.922011651233505
same line,MCF7,1-2 reads,484090,0.8045031098828629
same line,MCF7,3-9 reads,307165,0.8532756616742302
same line,MCF7,10-19 reads,89853,0.8915155275683766
same line,MCF7,20+ reads,88680,0.9281432132585987
different lines,A549 vs H9,1-2 reads,386121,0.8038976952365334
different lines,A549 vs H9,3-9 reads,209645,0.8496461779377558
different lines,A549 vs H9,10-19 reads,56068,0.8859745589325736
different lines,A549 vs H9,20+ reads,49752,0.9180423140510772
different lines,A549 vs HEYA8,1-2 reads,405503,0.801600051690187
different lines,A549 vs HEYA8,3-9 reads,233806,0.8484196017434619
different lines,A549 vs HEYA8,10-19 reads,63439,0.883047520160492
different lines,A549 vs HEYA8,20+ reads,57992,0.9156887122712619
different lines,A549 vs Hct116,1-2 reads,425792,0.8074336231684307
different lines,A549 vs Hct116,3-9 reads,243586,0.8523541938753885
different lines,A549 vs Hct116,10-19 reads,65988,0.8891348445621008
different lines,A549 vs Hct116,20+ reads,59762,0.9234562100335003
different lines,A549 vs HepG2,1-2 reads,440473,0.8020116439593978
different lines,A549 vs HepG2,3-9 reads,254909,0.8495299574063793
different lines,A549 vs HepG2,10-19 reads,67589,0.8867135102284633
different lines,A549 vs HepG2,20+ reads,60092,0.9177272598930062
different lines,A549 vs K562,1-2 reads,362811,0.8025659703333595
different lines,A549 vs K562,3-9 reads,194344,0.850210290029282
different lines,A549 vs K562,10-19 reads,49112,0.8786977265978743
different lines,A549 vs K562,20+ reads,44738,0.9117658290682387
different lines,A549 vs MCF7,1-2 reads,398538,0.7976000833953978
different lines,A549 vs MCF7,3-9 reads,209858,0.8469537102559069
different lines,A549 vs MCF7,10-19 reads,52697,0.8800573979052685
different lines,A549 vs MCF7,20+ reads,46285,0.9141765561278489
different lines,H9 vs HEYA8,1-2 reads,426848,0.8010187595901479
different lines,H9 vs HEYA8,3-9 reads,275815,0.8531746593558313
different lines,H9 vs HEYA8,10-19 reads,83835,0.8879649584924681
different lines,H9 vs HEYA8,20+ reads,81788,0.9207897027157256
different lines,H9 vs Hct116,1-2 reads,436462,0.8072539630261278
different lines,H9 vs Hct116,3-9 reads,273731,0.8559650854344777
different lines,H9 vs Hct116,10-19 reads,83703,0.8915680635786996
different lines,H9 vs Hct116,20+ reads,81702,0.9218118522148011
different lines,H9 vs HepG2,1-2 reads,443451,0.7994830158432208
different lines,H9 vs HepG2,3-9 reads,292262,0.8550504738934449
different lines,H9 vs HepG2,10-19 reads,88500,0.8898737741324366
different lines,H9 vs HepG2,20+ reads,86211,0.920152111307543
different lines,H9 vs K562,1-2 reads,376811,0.7984025925390338
different lines,H9 vs K562,3-9 reads,209627,0.8515156243175358
different lines,H9 vs K562,10-19 reads,57073,0.880018242600593
different lines,H9 vs K562,20+ reads,54025,0.9147599695713207
different lines,H9 vs MCF7,1-2 reads,417135,0.7878441985173564
different lines,H9 vs MCF7,3-9 reads,225950,0.8457820918500065
different lines,H9 vs MCF7,10-19 reads,58813,0.8826771977212143
different lines,H9 vs MCF7,20+ reads,53130,0.9125268985463596
different lines,HEYA8 vs Hct116,1-2 reads,435093,0.805266811741088
different lines,HEYA8 vs Hct116,3-9 reads,301514,0.8558319204555142
different lines,HEYA8 vs Hct116,10-19 reads,100643,0.8892716281007151
different lines,HEYA8 vs Hct116,20+ reads,110807,0.9209562817802491
different lines,HEYA8 vs HepG2,1-2 reads,433671,0.7977387960857149
different lines,HEYA8 vs HepG2,3-9 reads,321688,0.8551376075190126
different lines,HEYA8 vs HepG2,10-19 reads,112541,0.889896422129054
different lines,HEYA8 vs HepG2,20+ reads,125380,0.9201725645892115
different lines,HEYA8 vs K562,1-2 reads,386583,0.7990873523656613
different lines,HEYA8 vs K562,3-9 reads,232475,0.851552126840086
different lines,HEYA8 vs K562,10-19 reads,65959,0.8829936766207503
different lines,HEYA8 vs K562,20+ reads,64630,0.9151040328578565
different lines,HEYA8 vs MCF7,1-2 reads,418937,0.7870156169009078
different lines,HEYA8 vs MCF7,3-9 reads,249644,0.845249949336072
different lines,HEYA8 vs MCF7,10-19 reads,69549,0.878420289487925
different lines,HEYA8 vs MCF7,20+ reads,67231,0.9109106161545943
different lines,Hct116 vs HepG2,1-2 reads,473640,0.8049086312671507
different lines,Hct116 vs HepG2,3-9 reads,338395,0.8579868319884187
different lines,Hct116 vs HepG2,10-19 reads,114073,0.8937178923485812
different lines,Hct116 vs HepG2,20+ reads,126187,0.9256176580397638
different lines,Hct116 vs K562,1-2 reads,415916,0.8045567441279521
different lines,Hct116 vs K562,3-9 reads,247505,0.8547161205357753
different lines,Hct116 vs K562,10-19 reads,68714,0.8876551686156241
different lines,Hct116 vs K562,20+ reads,66427,0.9202975379715574
different lines,Hct116 vs MCF7,1-2 reads,457211,0.7931747307399304
different lines,Hct116 vs MCF7,3-9 reads,269678,0.8477301432897835
different lines,Hct116 vs MCF7,10-19 reads,75080,0.8845681652210939
different lines,Hct116 vs MCF7,20+ reads,71853,0.9153059108168617
different lines,HepG2 vs K562,1-2 reads,428663,0.8015041311288523
different lines,HepG2 vs K562,3-9 reads,269761,0.852252112588858
different lines,HepG2 vs K562,10-19 reads,75452,0.8842335546479811
different lines,HepG2 vs K562,20+ reads,72299,0.915291843861483
different lines,HepG2 vs MCF7,1-2 reads,462044,0.7916113971110071
different lines,HepG2 vs MCF7,3-9 reads,293733,0.8486755019681046
different lines,HepG2 vs MCF7,10-19 reads,86405,0.8832971859527768
different lines,HepG2 vs MCF7,20+ reads,82883,0.9148420911677612
different lines,K562 vs MCF7,1-2 reads,401311,0.8018391828174375
different lines,K562 vs MCF7,3-9 reads,231538,0.8467742793182447
different lines,K562 vs MCF7,10-19 reads,61948,0.8781621924033248
different lines,K562 vs MCF7,20+ reads,54947,0.9123370100234987
