motif,A549,H9,HEYA8,Hct116,HepG2,K562,MCF7,mean
GGACT,0.8493610920220581,0.9791174427058068,0.9662226432934719,1.2045116799585633,0.7953307708465872,1.0207742437763123,0.8402565147036669,0.9507963410437809
GAACT,0.2037124488313179,0.2843596309007589,0.27657952544204356,0.4740418514670121,0.26070994571439615,0.181070073351193,0.09326225036559659,0.2533908180103312
GGACA,-0.18783056818948873,-0.09147275831886685,-0.11124400454889577,0.1407695896749771,-0.21615189732019507,-0.1495770589371151,-0.27984263293849193,-0.1279070472254395
AGACT,-0.49674659607662736,-0.43155251559553875,-0.45173480358186413,-0.20955354623522512,-0.5437817913317421,-0.4619587650017561,-0.5648731586387018,-0.45145731092306507
GGACC,-0.6370012221728185,-0.5129388700566221,-0.5302488360558792,-0.3094988208933672,-0.6293199141329068,-0.5715857044417577,-0.6880029904879496,-0.5540851940344715
TGACT,-0.5510079998967259,-0.5762552236975306,-0.5527220174181192,-0.2823241477222592,-0.5687300509221024,-0.6238309977524014,-0.8289021985738149,-0.5691103765689934
GAACA,-1.1370330242980025,-1.1361897165332775,-1.1033773368354944,-0.9163512180538326,-1.0575653420382667,-1.1497398930111424,-1.2608888001637704,-1.1087350472762552
GAACC,-1.5804749047818691,-1.5839528624835568,-1.529828490873439,-1.3855942700260093,-1.557554313525227,-1.6206980288780841,-1.7375251720359368,-1.5708040060863033
AAACT,-1.6965573094109059,-1.6221033197767893,-1.674092286362098,-1.4370387382734295,-1.6484675104379323,-1.7655956100892596,-1.827871509226925,-1.6673894690824773
TAACT,-1.8012373856328032,-1.799413788867573,-1.8238795306771927,-1.6301925519203586,-1.7409068917956227,-1.8657387095968032,-1.986601243064544,-1.8068528716506995
TGACC,-1.9917948668594831,-1.9812252722410835,-1.9647221066615925,-1.8045187389112065,-1.989549748231652,-1.9865350142471856,-2.106394748512386,-1.9749629279520842
AGACC,-2.083711953485672,-2.041623779116884,-2.0297040695201436,-1.892081749928842,-2.111397342626236,-2.0717878210447482,-2.1451236081737695,-2.053632903413756
TGACA,-2.0846917397870066,-2.1139743093715593,-2.0892819240778993,-1.8763935277737243,-2.092144288269574,-2.1413152705476675,-2.296489861952773,-2.0991844173971725
AGACA,-2.254124272083941,-2.1801279660172344,-2.2061981243207196,-1.9936481961146733,-2.255441528402363,-2.2289143594094147,-2.292743670679643,-2.201599731003998
AAACA,-2.7254214060939916,-2.7074132855225557,-2.727570932799576,-2.538270109525591,-2.67507983624309,-2.766485725988935,-2.835151396355106,-2.710770384646978
AAACC,-3.0877076723675616,-3.0283685182993305,-3.0562008428363145,-2.92211446841954,-3.0393623100106297,-3.114895574281565,-3.2009092347617463,-3.064222660139527
TAACA,-3.7188677348672514,-3.7171701469540004,-3.710910652582331,-3.5673616749486046,-3.6056601447501593,-3.807971774966194,-3.8946240488813064,-3.7175094539928355
TAACC,-3.7868496947841037,-3.7944599984895,-3.801436239362293,-3.655181509875864,-3.7358567674836793,-3.8520554353268426,-3.9278003391887126,-3.793377140644428
