line,profile,bin start (nt),sites,mean score
A549,around stop codon,-1000.0,9410,-1.7894607559298619
A549,around stop codon,-900.0,10479,-1.7926073213388682
A549,around stop codon,-800.0,11587,-1.8214559899318201
A549,around stop codon,-700.0,12892,-1.8282869024143653
A549,around stop codon,-600.0,14259,-1.8112418323234447
A549,around stop codon,-500.0,15507,-1.7485822386863996
A549,around stop codon,-400.0,16872,-1.7047053769570886
A549,around stop codon,-300.0,18068,-1.580068745569515
A549,around stop codon,-200.0,19136,-1.3031461943064904
A549,around stop codon,-100.0,20195,-0.8511778054337212
A549,around stop codon,0.0,19811,-0.40167386286255113
A549,around stop codon,100.0,16068,-0.47074023013169036
A549,around stop codon,200.0,13630,-0.7494534281254586
A549,around stop codon,300.0,11839,-1.0785963180706142
A549,around stop codon,400.0,10339,-1.2345441183170518
A549,around stop codon,500.0,9378,-1.4847097974482832
A549,around stop codon,600.0,8494,-1.5300542930186014
A549,around stop codon,700.0,7622,-1.627908122959853
A549,around stop codon,800.0,7025,-1.6680654478291812
A549,around stop codon,900.0,6241,-1.6941611655664157
A549,distance to junction,0,77438,-2.0491155777823677
A549,distance to junction,25,66421,-2.0084679634950393
A549,distance to junction,50,56625,-1.7362386691130067
A549,distance to junction,100,31573,-0.6435381681357489
A549,distance to junction,200,38818,-0.3489066907200268
A549,distance to junction,400,145380,-1.4819952511085295
A549,region,3'UTR,174641,-1.378029590460018
A549,region,5'UTR,10336,-1.3272147030694659
A549,region,CDS,208690,-1.6704206346147061
A549,region,non-coding,27674,-1.3241051717818169
A549,region,unannotated,11047,-1.4438213427957818
H9,around stop codon,-1000.0,15017,-1.7239205112922023
H9,around stop codon,-900.0,16312,-1.7221297419801374
H9,around stop codon,-800.0,17562,-1.7308390924843413
H9,around stop codon,-700.0,19071,-1.7324502803366364
H9,around stop codon,-600.0,20674,-1.7101911210890972
H9,around stop codon,-500.0,22283,-1.6729950701415877
H9,around stop codon,-400.0,23414,-1.6145497670714104
H9,around stop codon,-300.0,24688,-1.4814476890242223
H9,around stop codon,-200.0,25927,-1.190382602449377
H9,around stop codon,-100.0,27227,-0.6526365914688433
H9,around stop codon,0.0,27003,-0.2078799674864082
H9,around stop codon,100.0,22539,-0.26238049428058036
H9,around stop codon,200.0,19472,-0.5469853413506574
H9,around stop codon,300.0,17207,-0.9002725533112106
H9,around stop codon,400.0,15597,-1.0817908176014617
H9,around stop codon,500.0,14103,-1.347153721767
H9,around stop codon,600.0,12926,-1.461478232832431
H9,around stop codon,700.0,11608,-1.5389348844029982
H9,around stop codon,800.0,10850,-1.6455395728304145
H9,around stop codon,900.0,9852,-1.6932264272442143
H9,distance to junction,0,119951,-2.082660052507024
H9,distance to junction,25,102886,-2.0441880135261163
H9,distance to junction,50,89963,-1.7507653944607338
H9,distance to junction,100,49132,-0.501904327161371
H9,distance to junction,200,59338,-0.13346760643881156
H9,distance to junction,400,248053,-1.408243594102462
H9,region,3'UTR,274266,-1.3619691610171822
H9,region,5'UTR,18886,-1.2664975499093507
H9,region,CDS,338544,-1.5969420047562808
H9,region,non-coding,46667,-1.3353167692714123
HEYA8,around stop codon,-1000.0,16277,-1.6660802071978866
HEYA8,around stop codon,-900.0,17506,-1.6623737454946304
HEYA8,around stop codon,-800.0,18958,-1.6641227852327252
HEYA8,around stop codon,-700.0,20650,-1.6702944758615013
HEYA8,around stop codon,-600.0,22161,-1.6418689847588106
HEYA8,around stop codon,-500.0,23676,-1.599305136310821
HEYA8,around stop codon,-400.0,25103,-1.544060194054894
HEYA8,around stop codon,-300.0,26423,-1.4101632254323884
HEYA8,around stop codon,-200.0,27865,-1.1232639735661223
HEYA8,around stop codon,-100.0,29004,-0.6236997842118673
HEYA8,around stop codon,0.0,28695,-0.22293564082707787
HEYA8,around stop codon,100.0,24057,-0.32725376335615414
HEYA8,around stop codon,200.0,20603,-0.6752096582255012
HEYA8,around stop codon,300.0,18305,-1.0319334630844033
HEYA8,around stop codon,400.0,16652,-1.2412565544769398
HEYA8,around stop codon,500.0,15452,-1.4739925819712658
HEYA8,around stop codon,600.0,14105,-1.6012658940290676
HEYA8,around stop codon,700.0,12767,-1.6803746693013237
HEYA8,around stop codon,800.0,12050,-1.7704651418514523
HEYA8,around stop codon,900.0,10923,-1.7760063331044584
HEYA8,distance to junction,0,132006,-2.0295980943688767
HEYA8,distance to junction,25,113631,-1.9809820833030598
HEYA8,distance to junction,50,98464,-1.6611617966118781
HEYA8,distance to junction,100,53771,-0.440656656245597
HEYA8,distance to junction,200,64500,-0.12247673026682171
HEYA8,distance to junction,400,279086,-1.5305947603067047
HEYA8,region,3'UTR,304693,-1.4889347852505015
HEYA8,region,5'UTR,20812,-1.1344981029881798
HEYA8,region,CDS,370806,-1.528196395227391
HEYA8,region,non-coding,53560,-1.3527277520466767
Hct116,around stop codon,-1000.0,14292,-1.5856112127294992
Hct116,around stop codon,-900.0,15521,-1.5616760950177178
Hct116,around stop codon,-800.0,16965,-1.5632796077406426
Hct116,around stop codon,-700.0,18765,-1.5642051335422114
Hct116,around stop codon,-600.0,20432,-1.5354524180672475
Hct116,around stop codon,-500.0,21957,-1.4867846506070956
Hct116,around stop codon,-400.0,23401,-1.4071420289534209
Hct116,around stop codon,-300.0,25081,-1.2675669927374507
Hct116,around stop codon,-200.0,26572,-0.9587088849414045
Hct116,around stop codon,-100.0,27878,-0.4235997974718416
Hct116,around stop codon,0.0,27671,0.013841865066676298
Hct116,around stop codon,100.0,23013,-0.0677689352870986
Hct116,around stop codon,200.0,19546,-0.3809406836738975
Hct116,around stop codon,300.0,17256,-0.7370531268086462
Hct116,around stop codon,400.0,15578,-0.9667890863281551
Hct116,around stop codon,500.0,14284,-1.2231999444712263
Hct116,around stop codon,600.0,12839,-1.3215508600371524
Hct116,around stop codon,700.0,11688,-1.4106534869986314
Hct116,around stop codon,800.0,10733,-1.4890675702673997
Hct116,around stop codon,900.0,9890,-1.5331715255156722
Hct116,distance to junction,0,115321,-1.893996431681281
Hct116,distance to junction,25,98828,-1.841575612694945
Hct116,distance to junction,50,85501,-1.4908834762414778
Hct116,distance to junction,100,48749,-0.2293635595811196
Hct116,distance to junction,200,59567,0.06823325422789463
Hct116,distance to junction,400,243786,-1.2642441534584867
Hct116,region,3'UTR,274674,-1.1842739221011551
Hct116,region,5'UTR,16746,-1.0538362736811777
Hct116,region,CDS,312647,-1.402660758473376
Hct116,region,non-coding,55620,-1.116321380112909
Hct116,region,unannotated,22752,-1.1744466324248417
HepG2,around stop codon,-1000.0,13932,-1.7466042778501292
HepG2,around stop codon,-900.0,15164,-1.755166759887233
HepG2,around stop codon,-800.0,16518,-1.7553360495817896
HepG2,around stop codon,-700.0,18052,-1.7566008508791269
HepG2,around stop codon,-600.0,19644,-1.7167713413688657
HepG2,around stop codon,-500.0,21192,-1.6652620680360517
HepG2,around stop codon,-400.0,22474,-1.6155399858658896
HepG2,around stop codon,-300.0,23850,-1.4664587480935007
HepG2,around stop codon,-200.0,25397,-1.1709207304456037
HepG2,around stop codon,-100.0,26613,-0.6312000578380115
HepG2,around stop codon,0.0,26461,-0.2060239378798987
HepG2,around stop codon,100.0,22182,-0.3370732525939951
HepG2,around stop codon,200.0,19031,-0.6376173361270558
HepG2,around stop codon,300.0,17039,-0.982401634247315
HepG2,around stop codon,400.0,15481,-1.1956978947418127
HepG2,around stop codon,500.0,14235,-1.4398931947397258
HepG2,around stop codon,600.0,13173,-1.522387452197677
HepG2,around stop codon,700.0,11924,-1.6355167302356592
HepG2,around stop codon,800.0,11204,-1.7219839061138877
HepG2,around stop codon,900.0,10143,-1.7647825505471755
HepG2,distance to junction,0,111713,-2.049967324851346
HepG2,distance to junction,25,95835,-1.9978075612513906
HepG2,distance to junction,50,83755,-1.7110236351205539
HepG2,distance to junction,100,46678,-0.5128749828355329
HepG2,distance to junction,200,57478,-0.18614378328595288
HepG2,distance to junction,400,258018,-1.5387396910859241
HepG2,region,3'UTR,285565,-1.4526649477829148
HepG2,region,5'UTR,17234,-1.3462523537014044
HepG2,region,CDS,307025,-1.590934136889323
HepG2,region,non-coding,52398,-1.3678274148194587
HepG2,region,unannotated,22553,-1.4190635055757548
K562,around stop codon,-1000.0,7594,-1.866978171709244
K562,around stop codon,-900.0,8723,-1.8620204376017424
K562,around stop codon,-800.0,10041,-1.88620584454138
K562,around stop codon,-700.0,11609,-1.9011040347661299
K562,around stop codon,-600.0,13242,-1.8257339632479992
K562,around stop codon,-500.0,14743,-1.8090521119005631
K562,around stop codon,-400.0,16333,-1.7450908108081795
K562,around stop codon,-300.0,18033,-1.6530224959618478
K562,around stop codon,-200.0,19486,-1.3722080438797086
K562,around stop codon,-100.0,20721,-0.8779351406312437
K562,around stop codon,0.0,20637,-0.39051517429858995
K562,around stop codon,100.0,16450,-0.43382793113799395
K562,around stop codon,200.0,13856,-0.772052194948037
K562,around stop codon,300.0,12214,-1.1434683163034223
K562,around stop codon,400.0,10808,-1.2863678799065508
K562,around stop codon,500.0,9795,-1.56191627034487
K562,around stop codon,600.0,8788,-1.6377032585810194
K562,around stop codon,700.0,8028,-1.6889673114187842
K562,around stop codon,800.0,7282,-1.7996493926139796
K562,around stop codon,900.0,6645,-1.7822489529872083
K562,distance to junction,0,68634,-2.035462177544657
K562,distance to junction,25,58928,-1.9851148160069916
K562,distance to junction,50,50733,-1.6740211998246508
K562,distance to junction,100,31503,-0.5889552634044377
K562,distance to junction,200,39565,-0.3786129390514344
K562,distance to junction,400,158460,-1.6221771358050046
K562,region,3'UTR,187392,-1.4614276074559904
K562,region,5'UTR,8291,-1.289463722265107
K562,region,CDS,171435,-1.6819151761596525
K562,region,non-coding,46688,-1.3133374933300848
K562,region,unannotated,13619,-1.4280398395249283
MCF7,around stop codon,-1000.0,7808,-1.9212825712730532
MCF7,around stop codon,-900.0,8911,-1.938304838110201
MCF7,around stop codon,-800.0,10217,-1.9600532970059703
MCF7,around stop codon,-700.0,11792,-1.9583835159523402
MCF7,around stop codon,-600.0,13329,-1.9238516590696977
MCF7,around stop codon,-500.0,15000,-1.8700470069867334
MCF7,around stop codon,-400.0,16755,-1.8341074907735004
MCF7,around stop codon,-300.0,18434,-1.6991879268243464
MCF7,around stop codon,-200.0,19954,-1.4383718018778189
MCF7,around stop codon,-100.0,21385,-0.9843290607935468
MCF7,around stop codon,0.0,21511,-0.5871541120315188
MCF7,around stop codon,100.0,17584,-0.6241466320655141
MCF7,around stop codon,200.0,14891,-0.922507545340004
MCF7,around stop codon,300.0,12872,-1.2362022263837786
MCF7,around stop codon,400.0,11490,-1.38771145237859
MCF7,around stop codon,500.0,10676,-1.6478273875927314
MCF7,around stop codon,600.0,9514,-1.7117103518656718
MCF7,around stop codon,700.0,8558,-1.8032884055153073
MCF7,around stop codon,800.0,7889,-1.8919471741095195
MCF7,around stop codon,900.0,7134,-1.85389947712083
MCF7,distance to junction,0,69305,-2.163690100921723
MCF7,distance to junction,25,59762,-2.121471497629597
MCF7,distance to junction,50,51627,-1.8405347743130533
MCF7,distance to junction,100,32492,-0.8015951301117198
MCF7,distance to junction,200,41602,-0.5394937956892698
MCF7,distance to junction,400,175372,-1.6888016250132576
MCF7,region,3'UTR,204237,-1.5927386664949985
MCF7,region,5'UTR,8669,-1.4599478903103011
MCF7,region,CDS,182520,-1.7578921756925874
MCF7,region,non-coding,42665,-1.438197238450721
MCF7,region,unannotated,11789,-1.5023502257171941
