read band,target precision (cell line 1),cut-off (raw),cell line 1: called %,cell line 1: precision,cell line 1: true rate %,cell line 2: called %,cell line 2: precision,cell line 2: true rate %
20+ reads,0.3,0.5902630686759949,13.40304338547908,0.3,4.493671925015184,14.396586034581876,0.3461833819689756,7.241409808517224
20+ reads,0.5,2.109524965286255,6.451189284131388,0.5,4.493671925015184,6.703002697563348,0.5307603496618836,7.241409808517224
20+ reads,0.7,3.2804200649261475,2.533692279912671,0.700032393909945,4.493671925015184,2.7417856984920177,0.6439516129032258,7.241409808517224
1-2 reads,0.3,0.3681478500366211,8.010637075460858,0.3,4.493671925015184,9.820678370848627,0.3021501744906,7.241409808517224
1-2 reads,0.5,1.7460488544570074,1.9517720251481476,0.5,4.493671925015184,2.4012736036792997,0.46685082872928174,7.241409808517224
1-2 reads,0.7,2.934231890572442,0.18056763899604394,0.7,4.493671925015184,0.28523415734312124,0.5310077519379846,7.241409808517224
3-9 reads,0.3,0.21677343298991522,10.776605000082077,0.3,4.493671925015184,11.97320125591474,0.32151431209602954,7.241409808517224
3-9 reads,0.5,1.52011905113856,4.054564257456623,0.5,4.493671925015184,4.709680272409676,0.4734741784037559,7.241409808517224
3-9 reads,0.7,2.5344344245062933,0.9824521085375663,0.7000835421888053,4.493671925015184,1.2890815017910051,0.5677530017152659,7.241409808517224
10-19 reads,0.3,0.1300185819466909,12.352468031320278,0.3,4.493671925015184,13.414849865121834,0.3363276743036097,7.241409808517224
10-19 reads,0.5,1.663227955500285,5.293914870565834,0.5,4.493671925015184,5.75332773183567,0.515564950038432,7.241409808517224
10-19 reads,0.7,2.7806950675116644,1.6825620906449548,0.7,4.493671925015184,2.0718170963605007,0.5965848452508005,7.241409808517224
