line,read band,target precision,called %
A549,20+ reads,0.3,15.047448757802185
A549,20+ reads,0.5,6.90201031815684
A549,20+ reads,0.7,2.218649781415835
A549,1-2 reads,0.3,15.053783710887538
A549,1-2 reads,0.5,3.763989710185698
A549,1-2 reads,0.7,0.18894628009292155
A549,3-9 reads,0.3,14.625471282377712
A549,3-9 reads,0.5,6.276648876266953
A549,3-9 reads,0.7,1.5143710522450178
A549,10-19 reads,0.3,15.539443955321246
A549,10-19 reads,0.5,7.06936238371538
A549,10-19 reads,0.7,2.1135425837726602
H9,20+ reads,0.3,16.047123923423626
H9,20+ reads,0.5,8.174582111040912
H9,20+ reads,0.7,3.0770061840754774
H9,1-2 reads,0.3,15.504025688729122
H9,1-2 reads,0.5,4.126593720766458
H9,1-2 reads,0.7,0.2315033792661264
H9,3-9 reads,0.3,15.511873511995605
H9,3-9 reads,0.5,7.124785489964661
H9,3-9 reads,0.7,1.8995584315161875
H9,10-19 reads,0.3,16.806945588142142
H9,10-19 reads,0.5,8.323699879647812
H9,10-19 reads,0.7,2.771267498574777
HEYA8,20+ reads,0.3,15.521746208857317
HEYA8,20+ reads,0.5,7.645619984354959
HEYA8,20+ reads,0.7,2.8963178563912373
HEYA8,1-2 reads,0.3,15.461537517563828
HEYA8,1-2 reads,0.5,4.024801045546305
HEYA8,1-2 reads,0.7,0.2055504764475969
HEYA8,3-9 reads,0.3,15.167992556408466
HEYA8,3-9 reads,0.5,6.895929285880436
HEYA8,3-9 reads,0.7,1.7635729239357991
HEYA8,10-19 reads,0.3,16.39175132109652
HEYA8,10-19 reads,0.5,8.048838937923696
HEYA8,10-19 reads,0.7,2.6121358099408196
Hct116,20+ reads,0.3,18.644742046154835
Hct116,20+ reads,0.5,9.160833693582656
Hct116,20+ reads,0.7,3.502083314171135
Hct116,1-2 reads,0.3,16.910388494774747
Hct116,1-2 reads,0.5,4.62251324090772
Hct116,1-2 reads,0.7,0.27392038957566517
Hct116,3-9 reads,0.3,17.340421847400687
Hct116,3-9 reads,0.5,7.989990648702941
Hct116,3-9 reads,0.7,2.135732345097496
Hct116,10-19 reads,0.3,18.949728343196462
Hct116,10-19 reads,0.5,9.189473046393731
Hct116,10-19 reads,0.7,3.064773484680172
HepG2,20+ reads,0.3,15.194760268443993
HepG2,20+ reads,0.5,7.31925001729665
HepG2,20+ reads,0.7,2.648693526440811
HepG2,1-2 reads,0.3,14.800822021358478
HepG2,1-2 reads,0.5,3.6420197976774684
HepG2,1-2 reads,0.7,0.1684745933886346
HepG2,3-9 reads,0.3,14.382383639840018
HepG2,3-9 reads,0.5,6.328293138006521
HepG2,3-9 reads,0.7,1.539584160793623
HepG2,10-19 reads,0.3,15.402225628570859
HepG2,10-19 reads,0.5,7.193279318376367
HepG2,10-19 reads,0.7,2.1814345151593573
K562,20+ reads,0.3,15.278478130032369
K562,20+ reads,0.5,7.079883533679262
K562,20+ reads,0.7,2.3703986856873303
K562,1-2 reads,0.3,15.041776802284842
K562,1-2 reads,0.5,3.9717221892047587
K562,1-2 reads,0.7,0.21872591772926325
K562,3-9 reads,0.3,15.217400494620472
K562,3-9 reads,0.5,6.853664207656049
K562,3-9 reads,0.7,1.7645691094717708
K562,10-19 reads,0.3,16.045880000220365
K562,10-19 reads,0.5,7.522160458800002
K562,10-19 reads,0.7,2.287939972564553
MCF7,20+ reads,0.3,14.186457755854374
MCF7,20+ reads,0.5,6.738749529586481
MCF7,20+ reads,0.7,2.306139048166298
MCF7,1-2 reads,0.3,13.907681838076199
MCF7,1-2 reads,0.5,3.5701496469090306
MCF7,1-2 reads,0.7,0.19949262467260023
MCF7,3-9 reads,0.3,13.746081476185019
MCF7,3-9 reads,0.5,6.172846244675992
MCF7,3-9 reads,0.7,1.627085709919164
MCF7,10-19 reads,0.3,14.950408617211735
MCF7,10-19 reads,0.5,7.02762420039752
MCF7,10-19 reads,0.7,2.1686057694678853
