feature,monotonic,peak,shift_at_peak,shift_at_100,hump
tx_n_reads_loo_mean,-0.42857142857142866,0.95,-302.5285339355469,-64.94562530517578,237.58291625976562
tx_sd_0_q95_loo_mean,-0.14285714285714288,0.7,13.938298225402832,0.38142043352127075,13.556878089904785
log_n_reads,-0.42857142857142866,0.95,-2.7107181549072266,-0.5394443273544312,2.171273708343506
coupling_mean_mean,-0.3571428571428572,0.5,1.5003132820129395,-0.04098106920719147,1.4593322277069092
n_reads,-0.42857142857142866,0.95,-1.609194040298462,-0.3454554080963135,1.2637386322021484
coupling_mean_m1_p1,-0.03571428571428572,0.5,1.653355598449707,0.5577194094657898,1.0956361293792725
coupling_mean_align111,-0.14285714285714288,0.5,0.7803577780723572,0.02325606346130371,0.7571017146110535
coupling_mean_m1_0,-0.14285714285714288,0.5,0.7837729454040527,0.04775218293070793,0.7360207438468933
mean_0_iqr,-0.03571428571428572,0.5,0.9490401744842529,0.2728211283683777,0.6762190461158752
mean_p1_iqr,-0.03571428571428572,0.5,0.856552243232727,0.28372567892074585,0.5728265643119812
mean_0_tail,0.0,0.7,0.7487801313400269,0.22617314755916595,0.5226069688796997
mean_0_std,-0.03571428571428572,0.5,0.7422807216644287,0.23743417859077454,0.5048465728759766
mean_p1_tail,0.0,0.7,0.8427051305770874,0.5112594962120056,0.3314456343650818
mean_p1_std,0.21428571428571433,0.7,0.9399293661117554,0.61432945728302,0.32559990882873535
mean_m1_iqr,-0.6071428571428572,0.5,0.3724061846733093,-0.06943240016698837,0.30297377705574036
coupling_chan_sd_mean,-0.14285714285714288,0.75,0.25478461384773254,-0.00968917179852724,0.24509544670581818
coupling_mean_0_p1,-0.6071428571428572,0.5,0.7589578032493591,-0.5264044404029846,0.2325533628463745
coupling_dwell_align111,-0.1785714285714286,0.7,0.2415451854467392,-0.056340087205171585,0.1852051019668579
mean_m1_tail,-0.6071428571428572,0.5,0.26480263471603394,-0.12937317788600922,0.13542945683002472
coupling_sd_0_p1,-0.03571428571428572,0.5,0.3495640754699707,0.21600811183452606,0.13355596363544464
sd_m1_tail,0.0,0.5,0.18828846514225006,0.06548905372619629,0.12279941141605377
sd_m1_iqr,0.3214285714285715,0.7,0.29140838980674744,0.18293136358261108,0.10847702622413635
mean_m1_std,-0.6071428571428572,0.5,0.2435392290353775,-0.13700388371944427,0.10653534531593323
sd_m1_std,-0.03571428571428572,0.5,0.20797432959079742,0.11330431699752808,0.09467001259326935
coupling_sd_mean,0.3214285714285715,0.5,0.474063903093338,0.3890993893146515,0.08496451377868652
sd_p1_q25,0.1785714285714286,0.5,-0.08196142315864563,-0.0009908246574923396,0.08097060024738312
coupling_sd_align111,0.6785714285714287,0.75,0.622739851474762,0.5466779470443726,0.0760619044303894
sd_p1_q05,-0.3214285714285715,0.5,-0.16520632803440094,-0.09160667657852173,0.07359965145587921
sd_0_q95,-0.14285714285714288,0.7,0.07413993775844574,0.002028833609074354,0.0721111074090004
sd_0_tail,0.42857142857142866,0.7,0.17999283969402313,0.10865965485572815,0.07133318483829498
coupling_dwell_lead_frac,0.8571428571428573,0.95,0.2993340492248535,0.23264417052268982,0.0666898787021637
sd_0_std,0.10714285714285716,0.7,0.18705454468727112,0.12408968806266785,0.06296485662460327
dwell_m1_q05,-0.03571428571428572,0.5,-0.15266260504722595,-0.1014537662267685,0.05120883882045746
dwell_p1_tail,-0.8571428571428573,0.95,-0.12440013140439987,-0.08206287771463394,0.04233725368976593
coupling_dwell_m1_p1,-0.642857142857143,0.7,-0.24518534541130066,-0.20316825807094574,0.04201708734035492
dwell_0_tail,0.42857142857142866,0.95,0.05729108303785324,0.016411645337939262,0.04087943583726883
dwell_p1_q05,0.6785714285714287,0.95,0.09299322217702866,0.05273771658539772,0.040255505591630936
sd_0_iqr,0.42857142857142866,0.7,0.1450163722038269,0.1082916259765625,0.036724746227264404
coupling_sd_m1_0,0.42857142857142866,0.75,0.3346605896949768,0.2997392416000366,0.034921348094940186
dwell_p1_q95,-0.8571428571428573,0.95,-0.1036033183336258,-0.06942512094974518,0.034178197383880615
sd_p1_iqr,0.9642857142857145,0.95,0.36382389068603516,0.34273645281791687,0.021087437868118286
dwell_p1_q25,0.21428571428571433,0.95,0.021725714206695557,0.0008213486871682107,0.020904365926980972
dwell_m1_tail,-0.9642857142857145,0.95,-0.24128946661949158,-0.22295749187469482,0.018331974744796753
coupling_dwell_0_p1,-0.42857142857142866,0.95,-0.06857123225927353,-0.051237404346466064,0.017333827912807465
dwell_m1_q95,-0.9642857142857145,0.95,-0.2396877408027649,-0.22239212691783905,0.017295613884925842
sd_p1_q75,0.9642857142857145,0.95,0.23901407420635223,0.2219812124967575,0.017032861709594727
dwell_0_q75,-0.7500000000000002,0.95,-0.06053686514496803,-0.04388108104467392,0.016655784100294113
dwell_p1_iqr,0.3571428571428572,0.7,0.03999672457575798,0.026895098388195038,0.013101626187562943
dwell_0_std,0.8214285714285715,0.95,0.061222970485687256,0.051368530839681625,0.00985443964600563
dwell_p1_mean,-0.7142857142857144,0.75,-0.02318033017218113,-0.01653395965695381,0.006646370515227318
sd_p1_mean,0.9642857142857145,0.95,0.22725534439086914,0.22312819957733154,0.004127144813537598
sd_p1_q50,0.9642857142857145,0.95,0.11874856799840927,0.1150301918387413,0.0037183761596679688
sd_0_q75,-0.9642857142857145,0.95,-0.07655107975006104,-0.07386285811662674,0.0026882216334342957
dwell_p1_q75,0.42857142857142866,0.7,0.01959630660712719,0.017528247088193893,0.002068059518933296
dwell_m1_mean,-0.9642857142857145,1.0,-0.19858239591121674,-0.19858239591121674,0.0
dwell_m1_std,-1.0,1.0,-0.22567187249660492,-0.22567187249660492,0.0
dwell_m1_q50,-0.9642857142857145,1.0,-0.16849368810653687,-0.16849368810653687,0.0
dwell_m1_iqr,-0.8928571428571429,1.0,-0.1590999960899353,-0.1590999960899353,0.0
dwell_m1_q75,-0.9642857142857145,1.0,-0.1779332309961319,-0.1779332309961319,0.0
dwell_m1_q25,-1.0,1.0,-0.17039451003074646,-0.17039451003074646,0.0
sd_0_q05,-1.0,1.0,-0.3487011790275574,-0.3487011790275574,0.0
sd_0_q50,-1.0,1.0,-0.14834511280059814,-0.14834511280059814,0.0
sd_0_q25,-1.0,1.0,-0.2294233739376068,-0.2294233739376068,0.0
dwell_0_q25,-0.9642857142857145,1.0,-0.2523307502269745,-0.2523307502269745,0.0
dwell_0_q50,-0.9642857142857145,1.0,-0.14074918627738953,-0.14074918627738953,0.0
dwell_0_q05,-0.9642857142857145,1.0,-0.27808234095573425,-0.27808234095573425,0.0
dwell_0_mean,-1.0,1.0,-0.1030801460146904,-0.1030801460146904,0.0
mean_m1_mean,-1.0,1.0,-0.19417151808738708,-0.19417151808738708,0.0
sd_0_mean,-1.0,1.0,-0.11824917048215866,-0.11824917048215866,0.0
dwell_0_q95,-0.28571428571428575,1.0,-0.02699100412428379,-0.02699100412428379,0.0
dwell_0_iqr,0.8928571428571429,1.0,0.1288316696882248,0.1288316696882248,0.0
sd_m1_q95,-0.7500000000000002,1.0,-0.09728334844112396,-0.09728334844112396,0.0
sd_m1_q75,-1.0,1.0,-0.12887418270111084,-0.12887418270111084,0.0
mean_p1_mean,-1.0,1.0,-0.43159204721450806,-0.43159204721450806,0.0
sd_p1_tail,1.0,1.0,0.44651615619659424,0.44651615619659424,0.0
sd_p1_q95,1.0,1.0,0.39266034960746765,0.39266034960746765,0.0
sd_p1_std,1.0,1.0,0.4588097631931305,0.4588097631931305,0.0
dwell_p1_q50,0.7857142857142859,1.0,0.032695263624191284,0.032695263624191284,0.0
mean_0_q75,-1.0,1.0,-0.23195293545722961,-0.23195293545722961,0.0
mean_0_q50,-1.0,1.0,-0.2554852366447449,-0.2554852366447449,0.0
dwell_p1_std,-0.8571428571428573,1.0,-0.10226866602897644,-0.10226866602897644,0.0
mean_0_q95,-0.9642857142857145,1.0,-0.19678440690040588,-0.19678440690040588,0.0
mean_0_q25,-1.0,1.0,-0.2679162919521332,-0.2679162919521332,0.0
mean_0_mean,-1.0,1.0,-0.24583877623081207,-0.24583877623081207,0.0
mean_0_q05,-1.0,1.0,-0.2623814642429352,-0.2623814642429352,0.0
sd_m1_q25,-1.0,1.0,-0.288464218378067,-0.288464218378067,0.0
sd_m1_q50,-1.0,1.0,-0.19855110347270966,-0.19855110347270966,0.0
sd_m1_q05,-1.0,1.0,-0.38640469312667847,-0.38640469312667847,0.0
sd_m1_mean,-1.0,1.0,-0.1965513378381729,-0.1965513378381729,0.0
mean_m1_q95,-1.0,1.0,-0.18696755170822144,-0.18696755170822144,0.0
mean_m1_q75,-1.0,1.0,-0.1966208964586258,-0.1966208964586258,0.0
mean_m1_q50,-1.0,1.0,-0.20442917943000793,-0.20442917943000793,0.0
mean_m1_q25,-1.0,1.0,-0.194623664021492,-0.194623664021492,0.0
mean_m1_q05,-0.9642857142857145,1.0,-0.16098922491073608,-0.16098922491073608,0.0
mean_p1_q25,-1.0,1.0,-0.4701210856437683,-0.4701210856437683,0.0
mean_p1_q50,-1.0,1.0,-0.44757595658302307,-0.44757595658302307,0.0
mean_p1_q05,-1.0,1.0,-0.4926646053791046,-0.4926646053791046,0.0
mean_p1_q75,-1.0,1.0,-0.40951457619667053,-0.40951457619667053,0.0
mean_p1_q95,-1.0,1.0,-0.2795254588127136,-0.2795254588127136,0.0
motif_AAACA,,0.0,0.0,0.0,0.0
motif_AAACC,,0.0,0.0,0.0,0.0
motif_AAACT,,0.0,0.0,0.0,0.0
motif_AGACA,,0.0,0.0,0.0,0.0
motif_AGACC,,0.0,0.0,0.0,0.0
motif_AGACT,,0.0,0.0,0.0,0.0
left_T,,0.0,0.0,0.0,0.0
left_G,,0.0,0.0,0.0,0.0
left_C,,0.0,0.0,0.0,0.0
left_A,,0.0,0.0,0.0,0.0
motif_TGACT,,0.0,0.0,0.0,0.0
motif_TGACC,,0.0,0.0,0.0,0.0
motif_TGACA,,0.0,0.0,0.0,0.0
motif_TAACT,,0.0,0.0,0.0,0.0
motif_TAACC,,0.0,0.0,0.0,0.0
motif_TAACA,,0.0,0.0,0.0,0.0
motif_GGACT,,0.0,0.0,0.0,0.0
motif_GGACC,,0.0,0.0,0.0,0.0
motif_GGACA,,0.0,0.0,0.0,0.0
motif_GAACT,,0.0,0.0,0.0,0.0
motif_GAACC,,0.0,0.0,0.0,0.0
motif_GAACA,,0.0,0.0,0.0,0.0
coupling_dwell_mean,-0.8214285714285715,1.0,-0.2533375024795532,-0.2533375024795532,0.0
coupling_sd_m1_p1,0.8571428571428573,1.0,0.26922139525413513,0.26922139525413513,0.0
right_C,,0.0,0.0,0.0,0.0
right_A,,0.0,0.0,0.0,0.0
right_T,,0.0,0.0,0.0,0.0
right_G,,0.0,0.0,0.0,0.0
coupling_dwell_m1_0,-0.8214285714285715,1.0,-0.17082437872886658,-0.17082437872886658,0.0
coupling_sd_lead_frac,-0.7142857142857144,1.0,-0.12036989629268646,-0.12036989629268646,0.0
coupling_chan_dwell_sd,0.6071428571428572,1.0,0.19691556692123413,0.19691556692123413,0.0
coupling_mean_lead_frac,-0.7142857142857144,1.0,-0.19631241261959076,-0.19631241261959076,0.0
nbr_rel_position,,0.0,0.0,0.0,0.0
coupling_chan_dwell_mean,1.0,1.0,0.2906897962093353,0.2906897962093353,0.0
nbr_rank_on_transcript,,0.0,0.0,0.0,0.0
tx_mean_m1_q50_loo_mean,-1.0,1.0,-38.43284606933594,-38.43284606933594,0.0
tx_mean_0_q95_loo_mean,-0.9642857142857145,1.0,-36.99542999267578,-36.99542999267578,0.0
tx_dwell_0_q95_loo_mean,-0.28571428571428575,1.0,-5.074312686920166,-5.074312686920166,0.0
