course,sample,present %,same n_reads %,sample sites
dataset0,SGNex_A549_directRNA_replicate5_run1,98.09501140859173,0.33733318012442753,1008933
data1,SGNex_A549_directRNA_replicate5_run1,97.83504019381125,0.7477150093602026,1008933
dataset0,SGNex_A549_directRNA_replicate6_run1,98.77542310280865,1.6497316108274922,1500579
data1,SGNex_A549_directRNA_replicate6_run1,98.68516683184671,1.2696839555115076,1500579
dataset0,SGNex_H9_directRNA_replicate2_run1,95.86828411497234,0.8642623811947012,1246688
data1,SGNex_H9_directRNA_replicate2_run1,96.02356568659839,1.184891531769629,1246688
dataset0,SGNex_H9_directRNA_replicate2_run2,95.04505983354947,0.15184096915576423,1023068
data1,SGNex_H9_directRNA_replicate2_run2,95.3584407003634,0.6177733729765444,1023068
dataset0,SGNex_H9_directRNA_replicate3_run1,95.81329306127809,0.751817987819892,1227452
data1,SGNex_H9_directRNA_replicate3_run1,96.05550049554013,1.1000991080277502,1227452
dataset0,SGNex_H9_directRNA_replicate3_run2,94.77420837505541,0.14855792117401795,975043
data1,SGNex_H9_directRNA_replicate3_run2,94.87391256469552,0.4525933267261315,975043
dataset0,SGNex_H9_directRNA_replicate4_run1,96.30164644856285,1.3977576782284673,1423053
data1,SGNex_H9_directRNA_replicate4_run1,96.3561281797159,1.3082259663032705,1423053
dataset0,SGNex_H9_directRNA_replicate4_run2,93.95672942760058,0.0960291534660779,886969
data1,SGNex_H9_directRNA_replicate4_run2,94.12729875564365,0.3545864992842198,886969
dataset0,SGNex_HEYA8_directRNA_replicate1_run1,96.14652243142534,1.2212938492096062,1340129
data1,SGNex_HEYA8_directRNA_replicate1_run1,95.74165840766436,1.0626582975443233,1340129
dataset0,SGNex_HEYA8_directRNA_replicate1_run2,94.55260263628753,0.09192534348889508,834303
data1,SGNex_HEYA8_directRNA_replicate1_run2,93.27276731637485,0.3986345116176632,834303
dataset0,SGNex_HEYA8_directRNA_replicate2_run1,96.15637157537057,1.242633661090957,1304570
data1,SGNex_HEYA8_directRNA_replicate2_run1,95.62493117498073,1.1375399185111772,1304570
dataset0,SGNex_HEYA8_directRNA_replicate2_run2,95.88716164086738,0.8691869531673205,1197113
data1,SGNex_HEYA8_directRNA_replicate2_run2,95.330910692655,0.8159894284770399,1197113
dataset0,SGNex_HEYA8_directRNA_replicate3_run1,96.24993844285035,1.4141729181371985,1408128
data1,SGNex_HEYA8_directRNA_replicate3_run1,95.85398083911464,1.034027089527585,1408128
dataset0,SGNex_Hct116_directRNA_replicate3_run1,100.0,100.0,1391230
data1,SGNex_Hct116_directRNA_replicate3_run1,98.63671401827993,1.3665895826450831,1391230
dataset0,SGNex_Hct116_directRNA_replicate3_run4,100.0,3.4841346706282112,1302514
data1,SGNex_Hct116_directRNA_replicate3_run4,98.52549278713798,1.2851007598282127,1302514
dataset0,SGNex_Hct116_directRNA_replicate4_run3,100.0,0.6106469246048031,1599747
data1,SGNex_Hct116_directRNA_replicate4_run3,98.89879969166392,0.9492346657857065,1599747
dataset0,SGNex_HepG2_directRNA_replicate5_run2,97.92675519952724,1.387087772287792,1580887
data1,SGNex_HepG2_directRNA_replicate5_run2,97.79870058363616,1.0615570972359873,1580887
dataset0,SGNex_HepG2_directRNA_replicate6_run1,97.90295310165959,1.3132191926985013,1564890
data1,SGNex_HepG2_directRNA_replicate6_run1,97.75575377161105,1.035128289835921,1564890
dataset0,SGNex_K562_directRNA_replicate4_run1,95.84776506508642,0.6434774044222656,1104444
data1,SGNex_K562_directRNA_replicate4_run1,97.04988437396761,0.8721506442021804,1104444
dataset0,SGNex_K562_directRNA_replicate5_run1,95.63436694627292,0.5293914870565833,1052601
data1,SGNex_K562_directRNA_replicate5_run1,96.7107146790001,0.7906618213853099,1052601
dataset0,SGNex_K562_directRNA_replicate6_run1,81.66746006992892,0.7534595118107651,999100
data1,SGNex_K562_directRNA_replicate6_run1,82.0812685827552,0.8886686488272217,999100
dataset0,SGNex_MCF7_directRNA_replicate3_run1,97.48518524598238,0.7436103678655264,1252617
data1,SGNex_MCF7_directRNA_replicate3_run1,97.33069045259333,0.9569430679440591,1252617
dataset0,SGNex_MCF7_directRNA_replicate4_run1,98.06546397675602,1.135113839688767,1446022
data1,SGNex_MCF7_directRNA_replicate4_run1,98.33608633410418,1.172778328377932,1446022
