sample,labelled sites present %,identical 7-mer %,median reads at labelled sites,labelled sites with <20 reads %,labelled sites with <=3 reads
SGNex_A549_directRNA_replicate5_run1,98.09501140859173,100.0,19.0,51.75749056619561,5048
SGNex_A549_directRNA_replicate6_run1,98.77542310280865,100.0,51.0,12.1424891562661,1193
SGNex_H9_directRNA_replicate2_run1,95.86828411497234,100.0,27.0,36.03900551350981,4089
SGNex_H9_directRNA_replicate2_run2,95.04505983354947,100.0,14.0,62.746435695719384,9794
SGNex_H9_directRNA_replicate3_run1,95.81329306127809,100.0,25.0,38.52677385918775,3935
SGNex_H9_directRNA_replicate3_run2,94.77420837505541,100.0,13.0,66.67994561405028,11175
SGNex_H9_directRNA_replicate4_run1,96.30164644856285,100.0,37.0,23.822145706201205,2339
SGNex_H9_directRNA_replicate4_run2,93.95672942760058,100.0,10.0,73.99519545752348,15630
SGNex_HEYA8_directRNA_replicate1_run1,96.14652243142534,100.0,42.0,18.966562235899712,1828
SGNex_HEYA8_directRNA_replicate1_run2,94.55260263628753,100.0,11.0,71.21899983507087,13274
SGNex_HEYA8_directRNA_replicate2_run1,96.15637157537057,100.0,38.0,21.741282915795317,1887
SGNex_HEYA8_directRNA_replicate2_run2,95.88716164086738,100.0,27.0,34.626413414707216,3014
SGNex_HEYA8_directRNA_replicate3_run1,96.24993844285035,100.0,51.0,13.601207480237745,1171
SGNex_Hct116_directRNA_replicate3_run1,100.0,100.0,47.0,0.0,0
SGNex_Hct116_directRNA_replicate3_run4,100.0,100.0,42.0,0.0,0
SGNex_Hct116_directRNA_replicate4_run3,100.0,100.0,76.0,0.0,0
SGNex_HepG2_directRNA_replicate5_run2,97.92675519952724,100.0,62.0,11.945990344642619,2025
SGNex_HepG2_directRNA_replicate6_run1,97.90295310165959,100.0,55.0,13.927382778769818,2078
SGNex_K562_directRNA_replicate4_run1,95.84776506508642,100.0,22.0,45.686296337526436,6382
SGNex_K562_directRNA_replicate5_run1,95.63436694627292,100.0,20.0,48.81435645688686,7375
SGNex_K562_directRNA_replicate6_run1,81.66746006992892,100.0,29.0,35.45958875198488,4043
SGNex_MCF7_directRNA_replicate3_run1,97.48518524598238,100.0,23.0,43.862293094448276,8255
SGNex_MCF7_directRNA_replicate4_run1,98.06546397675602,100.0,34.0,27.036934742762448,2397
