data,tau,band,linked pairs,unlinked pairs,linked local,unlinked local,linked / unlinked,ci_lo,ci_hi
dataset0 (cell line 1),0.1,25-50 nt,5462,50895,1.9881484545407777,2.1095537904934876,0.9424497557256838,0.7225165193119611,1.1554465843407016
dataset0 (cell line 1),0.1,50-100 nt,3962,105037,2.178459911993889,1.86404700735382,1.1686721973210354,0.9411832461589755,1.4635268065987495
dataset0 (cell line 1),0.1,100-200 nt,2737,201725,1.4898529446969897,1.4672705399609733,1.0153907572741268,0.672289584934177,1.4278105793936848
dataset0 (cell line 1),0.1,200-400 nt,2058,353963,1.221595351830772,1.1156728820366062,1.0949404359464305,0.5608066607041028,1.592556090505738
dataset0 (cell line 1),0.1,400-800 nt,1253,524465,1.0154927791633792,0.800265421344642,1.268944967604751,0.5297921229011432,2.0071446651628357
dataset0 (cell line 1),0.3,25-50 nt,3890,52467,1.955938624586995,2.1078385924959115,0.9279356737988887,0.6910479739338989,1.1635375188405483
dataset0 (cell line 1),0.3,50-100 nt,2830,106169,2.055039210637089,1.8724093459720252,1.0975373601172957,0.7974234880954887,1.4679825330559642
dataset0 (cell line 1),0.3,100-200 nt,1960,202502,1.5650638002038695,1.4667237823169752,1.0670474012029363,0.5503757260799361,1.527640340636962
dataset0 (cell line 1),0.3,200-400 nt,1431,354590,1.5216571820772022,1.1145597720748033,1.3652539955255776,0.7184694440226773,2.1766033421649116
dataset0 (cell line 1),0.3,400-800 nt,876,524842,0.5933118916929345,0.8010668170730486,0.7406521891154941,0.0,1.3688861719390117
"dataset0 (cell line 1), both sites >=100 nt from a junction",0.1,25-50 nt,2214,19949,2.9900171531633712,2.8250790988234,1.0583835172645841,0.8181650765758381,1.325564381543823
"dataset0 (cell line 1), both sites >=100 nt from a junction",0.1,50-100 nt,1536,39231,2.446882118893019,2.5889858074263055,0.9451122180254241,0.707788190687089,1.2064240183130865
"dataset0 (cell line 1), both sites >=100 nt from a junction",0.1,100-200 nt,923,69802,1.6127234959812216,2.029798941947987,0.7945237642273572,0.45370068604138875,1.1625284601189585
"dataset0 (cell line 1), both sites >=100 nt from a junction",0.1,200-400 nt,579,109665,1.713925298457376,1.62287008687096,1.0561075173687986,0.5417616197790097,1.6763811627090905
"dataset0 (cell line 1), both sites >=100 nt from a junction",0.1,400-800 nt,284,141802,1.0041014204681828,1.1587438125096625,0.8665430698554948,0.0,1.829360587887753
"dataset0 (cell line 1), both sites >=100 nt from a junction",0.3,25-50 nt,1548,20615,2.8630446755651597,2.8397857418910855,1.0081903832852495,0.7377629073905817,1.3525046733353288
"dataset0 (cell line 1), both sites >=100 nt from a junction",0.3,50-100 nt,1077,39690,2.532875057153276,2.583944550661949,0.9802358400084127,0.661740307637795,1.3421975016587828
"dataset0 (cell line 1), both sites >=100 nt from a junction",0.3,100-200 nt,653,70072,1.6301850078665154,2.027546524864235,0.8040185455057182,0.36634932741334325,1.451734653860212
"dataset0 (cell line 1), both sites >=100 nt from a junction",0.3,200-400 nt,403,109841,2.2256124811212508,1.620739543739384,1.373207983798741,0.5519704030033098,2.187114324215329
"dataset0 (cell line 1), both sites >=100 nt from a junction",0.3,400-800 nt,199,141887,0.48436641683445486,1.159383505793144,0.41777928909131384,0.0,1.5507214789809751
data1 (cell line 2),0.1,25-50 nt,3930,36240,2.2877952166187647,1.9817614165864985,1.1544251479874892,0.9414296430836072,1.3632447233230724
data1 (cell line 2),0.1,50-100 nt,2832,75358,2.2929940651875684,1.7039144785350921,1.3457213340653846,1.088777098731639,1.6730963325212977
data1 (cell line 2),0.1,100-200 nt,2000,141957,1.3839713584258018,1.3435907339614541,1.0300542594137196,0.7050263524428808,1.4085903937472606
data1 (cell line 2),0.1,200-400 nt,1562,246843,1.2141555123220493,1.018215319508478,1.1924349290955054,0.6227387359311701,1.7522177266745649
data1 (cell line 2),0.1,400-800 nt,895,354798,1.4425460689623857,0.7341360649150005,1.9649573667647102,0.8934494632086528,3.319092766632144
data1 (cell line 2),0.3,25-50 nt,2842,37328,2.1484099334323856,2.0015572884753947,1.0733691939783796,0.8082204287930798,1.3326110326094838
data1 (cell line 2),0.3,50-100 nt,2046,76144,2.3576155465060564,1.7085756106220005,1.379871942364772,1.052448067078545,1.816132164839696
data1 (cell line 2),0.3,100-200 nt,1385,142572,1.4607101340512418,1.3430300274264766,1.087622841054615,0.6296444582917454,1.5803258036967491
data1 (cell line 2),0.3,200-400 nt,1114,247291,1.164349241924175,1.0187875901869388,1.1428773309954894,0.49598018141820494,1.8210541884949292
data1 (cell line 2),0.3,400-800 nt,616,355077,1.4933777779163422,0.7345379079200203,2.033084694219686,0.5965892268138673,3.896849412477392
"data1 (cell line 2), both sites >=100 nt from a junction",0.1,25-50 nt,1402,12445,3.9874172596023874,2.8535094968105734,1.3973730467899987,1.0957163430809218,1.7044682039884906
"data1 (cell line 2), both sites >=100 nt from a junction",0.1,50-100 nt,929,24214,3.3027834744594604,2.5343944032426107,1.3031844886627513,0.9680192568349191,1.7336312176034085
"data1 (cell line 2), both sites >=100 nt from a junction",0.1,100-200 nt,547,40706,1.6939747104264031,1.955177146434292,0.8664047211863893,0.5309655126716127,1.2591314698961025
"data1 (cell line 2), both sites >=100 nt from a junction",0.1,200-400 nt,349,60703,1.3808964013492067,1.4588541980633776,0.9465623111496272,0.26656363845525577,1.7086481277562637
"data1 (cell line 2), both sites >=100 nt from a junction",0.1,400-800 nt,144,74185,1.2754014267987972,1.0336293889533317,1.2339059245309263,0.0,2.6195609052947084
"data1 (cell line 2), both sites >=100 nt from a junction",0.3,25-50 nt,1001,12846,3.6472111232082183,2.9105834478565487,1.253085915091748,0.855951707328147,1.6070953734125695
"data1 (cell line 2), both sites >=100 nt from a junction",0.3,50-100 nt,683,24460,3.464679597814168,2.5392832352178707,1.3644321160246222,0.8953459901469883,1.8425012356203303
"data1 (cell line 2), both sites >=100 nt from a junction",0.3,100-200 nt,355,40898,1.4878249346754087,1.9556996912660836,0.7607634962156273,0.38544354381023,1.3271501904914489
"data1 (cell line 2), both sites >=100 nt from a junction",0.3,200-400 nt,243,60809,1.468643582811928,1.4583755729616972,1.0070407171105988,0.14519684198550672,1.954430884189329
"data1 (cell line 2), both sites >=100 nt from a junction",0.3,400-800 nt,86,74243,0.8009377511941214,1.0343209917737857,0.7743609165473584,0.0,2.8592463342687653
