trained on,neighbours,dataset0,data1
dataset0,all,0.5839850476766574,0.40415873576847505
dataset0,none,0.3464347008293603,0.27918547081530665
dataset0,only 0-50,0.4964986005954454,0.3833755693285491
dataset0,only 50-100,0.4997873555082629,0.3703329905615886
dataset0,only 100-200,0.5391921040775425,0.3858964691278037
dataset0,only 200-400,0.55513855379861,0.3875351078973092
dataset0,drop 0-50,0.5802560284550126,0.39981034252593495
dataset0,drop 50-100,0.5791607587264028,0.40228525431050693
dataset0,drop 100-200,0.5771186876257486,0.40067290261382676
dataset0,drop 200-400,0.5702008998635214,0.4048237057430363
pooled_both,all,0.5847001921434658,0.42444753026843807
pooled_both,none,0.421944087181524,0.3438588098315135
pooled_both,only 0-50,0.5086625529408031,0.40143247735872456
pooled_both,only 50-100,0.5072785858959644,0.39094498875771694
pooled_both,only 100-200,0.5386324625628303,0.4001824171421145
pooled_both,only 200-400,0.5462142375672386,0.39736545254815964
pooled_both,drop 0-50,0.5761151326248987,0.41586122212337784
pooled_both,drop 50-100,0.5804086986119018,0.4207818575321805
pooled_both,drop 100-200,0.5763064554631325,0.4212988661608844
pooled_both,drop 200-400,0.574302207677537,0.42523338640114255
