model,vs,seeds,target,diff,ci_low,ci_high,gene-resample win %
h2gcn_aux_r100,h2gcn_aux,"0,1,2",unseen cell line,0.004673927432747915,-0.0018511206602888283,0.010888952641408748,92.0
h2gcn_aux_r100,h2gcn_aux,"0,1,2",new genes,0.02147121983423289,0.0038665367285133745,0.038520154756166755,99.0
h2gcn_aux_r100,h2gcn_aux,"0,1,2",both -> cell line 2,-0.0004470355268241244,-0.0076342371343048054,0.006157866675267882,44.5
h2gcn_aux_r100,h2gcn_aux,"0,1,2",both -> cell line 1,0.008603475987974174,-0.001162706199146904,0.01800599911864716,96.3
res_gate,h2gcn_aux,"0,1,2",unseen cell line,0.01664283533912081,0.011004111739460608,0.022475020637083135,100.0
res_gate,h2gcn_aux,"0,1,2",new genes,0.027543624204581674,0.012081451243701542,0.04188133423743616,100.0
res_gate,h2gcn_aux,"0,1,2",both -> cell line 2,0.009312276376378159,0.0025782926534197227,0.01563735054056433,99.9
res_gate,h2gcn_aux,"0,1,2",both -> cell line 1,0.019082517754058448,0.009666667795026524,0.028088995719399924,100.0
scalar_msg,h2gcn_aux,"0,1,2",unseen cell line,0.020299063120133132,0.013309890073810868,0.027470883962774497,100.0
scalar_msg,h2gcn_aux,"0,1,2",new genes,0.023694726290712953,0.007197685304365734,0.041202970646127275,99.7
scalar_msg,h2gcn_aux,"0,1,2",both -> cell line 2,0.009744107274740899,0.001513561336981556,0.017071997172663743,99.0
scalar_msg,h2gcn_aux,"0,1,2",both -> cell line 1,-0.006503714702428609,-0.016943804593020965,0.0034843988787018306,10.100000000000001
gps,h2gcn_aux,"0,1,2",unseen cell line,-0.0027403317371830216,-0.010639889495373098,0.004628034516252355,25.900000000000002
gps,h2gcn_aux,"0,1,2",new genes,-0.0032224383665984124,-0.01824974203789391,0.012238964120273095,33.5
gps,h2gcn_aux,"0,1,2",both -> cell line 2,-0.002226745380866424,-0.009437015248403487,0.004528029701737645,23.599999999999998
gps,h2gcn_aux,"0,1,2",both -> cell line 1,0.02505055102633602,0.015040684021992809,0.034916981485205646,100.0
scalar_random,h2gcn_aux,0,unseen cell line,-0.018028072617534197,-0.025837810359135967,-0.009653690800930245,0.0
scalar_random,h2gcn_aux,0,new genes,-0.012458085449610579,-0.032365935467787856,0.007381479204744215,12.9
scalar_random,h2gcn_aux,0,both -> cell line 2,-0.015984809484551,-0.023984715047754783,-0.007585408536624115,0.0
scalar_random,h2gcn_aux,0,both -> cell line 1,-0.024177143603897777,-0.0359238873462947,-0.013135575950716053,0.0
res_gate+scalar_msg,h2gcn_aux,0-2,unseen cell line,0.02357045090015475,0.0175962102577388,0.028907819949922104,100.0
res_gate+scalar_msg,h2gcn_aux,0-2,new genes,0.02899371875436313,0.012391615559706876,0.044895198870055913,99.9
res_gate+scalar_msg,h2gcn_aux,0-2,both -> cell line 2,0.015812032785408492,0.009341215451710648,0.021946950799937956,100.0
res_gate+scalar_msg,h2gcn_aux,0-2,both -> cell line 1,0.01858954785387623,0.009522174987046852,0.02667636306234011,100.0
res_gate,shipped ensemble (seed 0),0,both -> cell line 2,-0.0019655292836223137,-0.008149222567979328,0.004079719988581,25.5
res_gate,shipped ensemble (seed 0),0,both -> cell line 1,-0.013483863756603598,-0.021736032445366437,-0.00551048031298785,0.0
scalar_msg,shipped ensemble (seed 0),0,both -> cell line 2,-0.004769790686259212,-0.013175544683706816,0.004093749145391374,16.6
scalar_msg,shipped ensemble (seed 0),0,both -> cell line 1,-0.04715654868862651,-0.05924913360880984,-0.035880416544783286,0.0
res_gate+scalar_msg,shipped ensemble (seed 0),0,both -> cell line 2,0.006872492436438449,0.0008144998199558788,0.012889293876370394,98.3
res_gate+scalar_msg,shipped ensemble (seed 0),0,both -> cell line 1,-0.01338229866187357,-0.022666010959568002,-0.004361310731789342,0.3
twohead+res_gate,shipped ensemble (seed 0),0,both -> cell line 2,0.000760313670906565,-0.0031053960362825124,0.00456743625063092,65.10000000000001
twohead+res_gate,shipped ensemble (seed 0),0,both -> cell line 1,0.005387903538179306,-0.00034102648246150935,0.010657200639717415,96.6
twohead+res_gate+scalar_msg,shipped ensemble (seed 0),0,both -> cell line 2,0.007436246912198963,0.003247224378844564,0.011700130715570743,100.0
twohead+res_gate+scalar_msg,shipped ensemble (seed 0),0,both -> cell line 1,0.004390104806064832,-0.001782082059589557,0.00980873096592317,91.5
shipped+res_gate+scalar_msg,shipped ensemble (seed 0),0,both -> cell line 2,0.0082528770496198,0.00505768228089584,0.011558244010959397,100.0
shipped+res_gate+scalar_msg,shipped ensemble (seed 0),0,both -> cell line 1,0.003257985371642791,-0.0013982784459293073,0.008058642576201525,91.9
