model,reads,scored on,seeds,pr_auc,roc_auc
lightgbm,1,cell line 1,,0.14022324941421122,0.6748724164505366
lightgbm,1,cell line 2,,0.13596032615764964,0.6155782909941643
h2gcn_twohead_aux,1,cell line 1,3.0,0.3138118688624343,0.8659592912228649
h2gcn_twohead_aux,1,cell line 2,3.0,0.2629512585823554,0.7804720738353232
h2gcn_aux,1,cell line 1,3.0,0.2851255655770959,0.8523747019492655
h2gcn_aux,1,cell line 2,3.0,0.2555774707308991,0.769020362906124
res_gate,1,cell line 1,3.0,0.3309052809273796,0.8713686853888223
res_gate,1,cell line 2,3.0,0.2713788344277456,0.7861538497931337
scalar_drop,1,cell line 1,3.0,0.28659358393866935,0.8596141212487438
scalar_drop,1,cell line 2,3.0,0.2649511688651722,0.7790152506168138
ens_intermediate,1,cell line 1,,0.3193570744558943,0.8731381662414699
ens_intermediate,1,cell line 2,,0.27225469494021465,0.7867559653838239
ens_final,1,cell line 1,,0.33288707386137445,0.877254066033402
ens_final,1,cell line 2,,0.27936666684664746,0.7923462551093324
lightgbm,3,cell line 1,,0.22128048943344447,0.7875991823257225
lightgbm,3,cell line 2,,0.20008388977085081,0.7036609814321726
h2gcn_twohead_aux,3,cell line 1,3.0,0.4506228108861988,0.917388043721001
h2gcn_twohead_aux,3,cell line 2,3.0,0.3337660805505316,0.8161297367830627
h2gcn_aux,3,cell line 1,3.0,0.39857391127592867,0.8926961719578753
h2gcn_aux,3,cell line 2,3.0,0.31623055072823053,0.7982197833131748
res_gate,3,cell line 1,3.0,0.4366645632669945,0.9100511464341021
res_gate,3,cell line 2,3.0,0.33397581583736985,0.8149715771635428
scalar_drop,3,cell line 1,3.0,0.39526486166966873,0.8950193507586497
scalar_drop,3,cell line 2,3.0,0.32113287862864626,0.8017343580232918
ens_intermediate,3,cell line 1,,0.4429628590163969,0.9132627825765044
ens_intermediate,3,cell line 2,,0.33689830173991137,0.8154761616651633
ens_final,3,cell line 1,,0.45102467252712586,0.9143662606431135
ens_final,3,cell line 2,,0.34093625898249386,0.8179879888950776
lightgbm,10,cell line 1,,0.36750765130660573,0.869961332230031
lightgbm,10,cell line 2,,0.3059111027809218,0.7725120055550087
h2gcn_twohead_aux,10,cell line 1,3.0,0.5340065824186117,0.9410570566512124
h2gcn_twohead_aux,10,cell line 2,3.0,0.3878039989638397,0.8379482196695853
h2gcn_aux,10,cell line 1,3.0,0.49125402253070966,0.9231369721353392
h2gcn_aux,10,cell line 2,3.0,0.38464310316530664,0.827866213781582
res_gate,10,cell line 1,3.0,0.5203288651545893,0.9363245091519425
res_gate,10,cell line 2,3.0,0.3931002197315067,0.8390349600888423
scalar_drop,10,cell line 1,3.0,0.48923042917008525,0.926174314302311
scalar_drop,10,cell line 2,3.0,0.38518832480726584,0.8299832492688217
ens_intermediate,10,cell line 1,,0.5322032932215601,0.9382042597999796
ens_intermediate,10,cell line 2,,0.3962854938451061,0.8400381078906851
ens_final,10,cell line 1,,0.5343170316102934,0.9392232526014777
ens_final,10,cell line 2,,0.39719585366365556,0.8411316910805245
