trained on,scored on,stratum,level,sites,positive %,graph PR AUC,deepset PR AUC,gain,ci_low,ci_high
dataset0,dataset0,neighbour within 50 nt,unmodified neighbours only,93227,2.4392075257167987,0.4071229390905157,0.4063247368529444,0.0007982022375713216,-0.018345101539703618,0.020520754874008555
dataset0,dataset0,neighbour within 50 nt,no neighbour,20742,4.4932986211551444,0.5135945194566208,0.5184826074622901,-0.004888088005669311,-0.025839356198396665,0.014419161216592308
dataset0,dataset0,neighbour within 50 nt,a modified neighbour,7869,28.83466768331427,0.7346293848955694,0.7459152894120722,-0.011285904516502798,-0.027590069591829913,0.003999945675936605
dataset0,dataset0,own read count,"[100, 1000000)",24533,4.907675376024131,0.5717057162376542,0.552789042135777,0.01891667410187725,-0.003051815931308965,0.04489995160878674
dataset0,dataset0,own read count,"[50, 100)",33371,4.288154385544335,0.5694390717488148,0.5318713675094995,0.037567704239315325,0.018005213761642835,0.058163073795831896
dataset0,dataset0,own read count,"[30, 50)",38830,4.46304403811486,0.540990246070509,0.5223057525300091,0.018684493540499947,0.0005888714463694697,0.038789131994331254
dataset0,dataset0,own read count,"[20, 30)",25104,4.409655831739961,0.4979519120591698,0.48161680963907344,0.016335102420096337,-0.006127370819845227,0.036599852560545904
dataset0,dataset0,exon junction,< 100 nt,67071,1.546122765427681,0.3635786575153636,0.3666445296684608,-0.003065872153097171,-0.025248293852609266,0.020863117283370123
dataset0,dataset0,exon junction,>= 100 nt,54767,8.103419942666203,0.5872963651617611,0.5596688313374,0.027627533824361117,0.015712323902868388,0.04023056436210366
dataset0,dataset0,region,CDS,62590,3.149065345901901,0.5416371924061926,0.5275119297653418,0.014125262640850789,-0.0015582202904160264,0.03219603939872329
dataset0,dataset0,region,3'UTR,47989,6.355623163641668,0.5735889594427463,0.5445895608159278,0.02899939862681855,0.014591803495536666,0.04311757008197411
dataset0,dataset0,region,5'UTR,2680,4.179104477611941,0.46069528512716584,0.4613734096815988,-0.0006781245544329462,-0.0671334915605677,0.07402339465068707
dataset0,dataset0,region,noncoding,5923,5.774100962350161,0.5650011385513297,0.5298364647819985,0.03516467376933119,-0.009077237967045406,0.07008257269689731
dataset0,data1,neighbour within 50 nt,unmodified neighbours only,64238,4.705937295681684,0.28635013370196954,0.27736921475265097,0.008980918949318573,-0.0013881710700513624,0.01893106048399729
dataset0,data1,neighbour within 50 nt,a modified neighbour,9308,26.407391491190374,0.6027299048137398,0.6187097079392976,-0.0159798031255578,-0.028094354802288078,-0.003097815298609083
dataset0,data1,neighbour within 50 nt,no neighbour,16906,6.323198864308529,0.347270438258798,0.34342096503566233,0.0038494732231356688,-0.010006119031257017,0.017520970802075837
dataset0,data1,own read count,"[100, 1000000)",16686,9.445043749250868,0.40844692410167605,0.4114223762822441,-0.00297545218056805,-0.018618638457197783,0.014939411447489358
dataset0,data1,own read count,"[20, 30)",29324,5.984858818715046,0.3627462691346271,0.33463840362567765,0.028107865508949448,0.015920647711359363,0.03875026917331491
dataset0,data1,own read count,"[30, 50)",25301,6.576815145646417,0.4275785914609904,0.4046706504471152,0.02290794101387522,0.008580915482512377,0.03700437737073358
dataset0,data1,own read count,"[50, 100)",19141,8.123922470090381,0.4583286691788066,0.44942569071176497,0.008902978467041633,-0.006071404386929232,0.025481202086249963
dataset0,data1,exon junction,< 100 nt,54216,3.6170134277704,0.2005029133859072,0.18588407102458696,0.014618842361320245,0.0033718607421919116,0.0257970828402077
dataset0,data1,exon junction,>= 100 nt,36236,12.664201346727012,0.49277143133815343,0.481048907186895,0.011722524151258407,0.0019385952390039388,0.02173049557452603
dataset0,data1,region,CDS,48728,5.167460187161386,0.34488001298259896,0.32751171516468697,0.017368297817911993,0.005263658715382093,0.02761698741147748
dataset0,data1,region,3'UTR,31251,10.953249496016127,0.4590528940515797,0.44768769210523074,0.011365201946348935,0.00041800219688873253,0.021691870792612273
dataset0,data1,region,5'UTR,2484,4.4685990338164245,0.3251004592152402,0.3036298091821928,0.021470650033047434,-0.031115700048839227,0.07217860792692196
dataset0,data1,region,noncoding,5544,8.982683982683982,0.4320116104432492,0.4124736838264708,0.01953792661677839,-0.0037315910610554483,0.04735072004533349
pooled_both,dataset0,neighbour within 50 nt,unmodified neighbours only,93227,2.4392075257167987,0.4184800436745394,0.4071952782073439,0.011284765467195479,-0.0034135459373509135,0.02934519670746927
pooled_both,dataset0,neighbour within 50 nt,no neighbour,20742,4.4932986211551444,0.5201181531390587,0.5153054533514749,0.004812699787583807,-0.012535364150773814,0.023702425971752393
pooled_both,dataset0,neighbour within 50 nt,a modified neighbour,7869,28.83466768331427,0.7317889996743937,0.741463769126266,-0.00967476945187229,-0.022509447236886547,0.004093598286927959
pooled_both,dataset0,own read count,"[100, 1000000)",24533,4.907675376024131,0.5828825457840785,0.5487076464334131,0.03417489935066542,0.009072721869131582,0.06059443791441083
pooled_both,dataset0,own read count,"[50, 100)",33371,4.288154385544335,0.5684181302454016,0.5351140208949792,0.033304109350422384,0.011843487694827654,0.05463951346274359
pooled_both,dataset0,own read count,"[30, 50)",38830,4.46304403811486,0.5576232806538679,0.5125087181757825,0.04511456247808543,0.025792859910898906,0.0659737434427325
pooled_both,dataset0,own read count,"[20, 30)",25104,4.409655831739961,0.48726199390836455,0.4724776952878078,0.014784298620556746,-0.009696938164025259,0.03607678173556436
pooled_both,dataset0,exon junction,< 100 nt,67071,1.546122765427681,0.3897104412950938,0.342328438899546,0.047382002395547795,0.022155381631547982,0.07062705519947952
pooled_both,dataset0,exon junction,>= 100 nt,54767,8.103419942666203,0.5919464624392571,0.5636599620356024,0.028286500403654657,0.01628695158910521,0.04095464026249016
pooled_both,dataset0,region,CDS,62590,3.149065345901901,0.5659523884178596,0.5309270351801542,0.03502535323770539,0.020444737993928177,0.0517675417816661
pooled_both,dataset0,region,3'UTR,47989,6.355623163641668,0.5747468236003803,0.5464159484718706,0.028330875128509736,0.013239922060474118,0.04535918207959112
pooled_both,dataset0,region,5'UTR,2680,4.179104477611941,0.524822992891134,0.4558196321343125,0.06900336075682151,0.002223354275211126,0.1264394192981282
pooled_both,dataset0,region,noncoding,5923,5.774100962350161,0.5563728778226822,0.528823617064526,0.027549260758156224,-0.01234845929234146,0.06979554982697608
pooled_both,data1,neighbour within 50 nt,unmodified neighbours only,64238,4.705937295681684,0.30883779645817944,0.29578524753816804,0.013052548920011398,0.0007946282857757063,0.027477935563799693
pooled_both,data1,neighbour within 50 nt,a modified neighbour,9308,26.407391491190374,0.6260843618136807,0.6328437347953906,-0.006759372981709921,-0.018396343668496764,0.007071057214112491
pooled_both,data1,neighbour within 50 nt,no neighbour,16906,6.323198864308529,0.3785710870278201,0.37573177966600535,0.002839307361814758,-0.011310747904185094,0.01889016097435847
pooled_both,data1,own read count,"[100, 1000000)",16686,9.445043749250868,0.4433912205184538,0.42390474288591445,0.019486477632539356,-7.616596658589338e-05,0.03580106372833886
pooled_both,data1,own read count,"[20, 30)",29324,5.984858818715046,0.3812382454704119,0.349412004191546,0.03182624127886591,0.01890201531854952,0.045967408488750416
pooled_both,data1,own read count,"[30, 50)",25301,6.576815145646417,0.4417974233274945,0.4246660965469402,0.01713132678055429,0.000768382471768167,0.032305795530452756
pooled_both,data1,own read count,"[50, 100)",19141,8.123922470090381,0.4894780490118675,0.4754698413235252,0.014008207688342267,0.0018155663213874824,0.02675454917499831
pooled_both,data1,exon junction,< 100 nt,54216,3.6170134277704,0.21889158145116364,0.2091787730732118,0.009712808377951826,-0.0012068588858372656,0.021409698737743017
pooled_both,data1,exon junction,>= 100 nt,36236,12.664201346727012,0.5253898142383999,0.4996008037418055,0.025789010496594433,0.016013602385895432,0.03599273389528312
pooled_both,data1,region,CDS,48728,5.167460187161386,0.37548836136547414,0.3521478162025313,0.023340545162942816,0.011994973657761,0.03626666481428266
pooled_both,data1,region,3'UTR,31251,10.953249496016127,0.4886093941926869,0.4681273733984087,0.02048202079427819,0.009927944155622693,0.0321275437093183
pooled_both,data1,region,5'UTR,2484,4.4685990338164245,0.33401646995777956,0.33771397947263726,-0.0036975095148576997,-0.048158463984959585,0.035181877629773164
pooled_both,data1,region,noncoding,5544,8.982683982683982,0.46694876013352704,0.42677218508633824,0.0401765750471888,0.011677452994473451,0.06701278893528809
