run,trained on,model,depth in this run,sites,positive %,pr_auc this run,"pr_auc dataset0 run, same sites",roc_auc this run
SGNex_Hct116_directRNA_replicate3_run4,dataset0,h2gcn_aux,all,121838,4.493671925015184,0.5232693591785198,0.5436054112222499,0.9369312108145911
SGNex_Hct116_directRNA_replicate3_run4,dataset0,h2gcn_aux,20-49,71657,4.250805922659335,0.5120095638588139,0.5319176860197751,0.9453102785175798
SGNex_Hct116_directRNA_replicate3_run4,dataset0,h2gcn_aux,50-999999,50181,4.840477471552978,0.5364177629719156,0.5615748457934957,0.9274212824307503
SGNex_Hct116_directRNA_replicate3_run4,dataset0,res_gate,all,121838,4.493671925015184,0.5623449174558595,0.5841413773272421,0.9463536845041323
SGNex_Hct116_directRNA_replicate3_run4,dataset0,res_gate,20-49,71657,4.250805922659335,0.5525712727175822,0.5697852352686746,0.9528881089141557
SGNex_Hct116_directRNA_replicate3_run4,dataset0,res_gate,50-999999,50181,4.840477471552978,0.572939642308927,0.6015411099528412,0.9376589194094008
SGNex_Hct116_directRNA_replicate3_run4,dataset0,scalar_msg,all,121838,4.493671925015184,0.5394316729627788,0.5601770024571249,0.9421199790593889
SGNex_Hct116_directRNA_replicate3_run4,dataset0,scalar_msg,20-49,71657,4.250805922659335,0.5184496683994021,0.5382175878574008,0.9494244164095329
SGNex_Hct116_directRNA_replicate3_run4,dataset0,scalar_msg,50-999999,50181,4.840477471552978,0.5596105105248642,0.5843504280599339,0.9332545550115144
SGNex_Hct116_directRNA_replicate3_run4,dataset0,gps,all,121838,4.493671925015184,0.5541582730309348,0.5691785311586954,0.9465302403355395
SGNex_Hct116_directRNA_replicate3_run4,dataset0,gps,20-49,71657,4.250805922659335,0.5439271517101474,0.556176101171175,0.9541071963818055
SGNex_Hct116_directRNA_replicate3_run4,dataset0,gps,50-999999,50181,4.840477471552978,0.5720584091454395,0.5974053955909657,0.9375327874200593
SGNex_Hct116_directRNA_replicate3_run4,pooled_both,h2gcn_twohead_aux,all,121838,4.493671925015184,0.5606687188959064,0.5858816488801056,0.9521975881096697
SGNex_Hct116_directRNA_replicate3_run4,pooled_both,h2gcn_twohead_aux,20-49,71657,4.250805922659335,0.5445682130358147,0.5689595136971378,0.9559896653177703
SGNex_Hct116_directRNA_replicate3_run4,pooled_both,h2gcn_twohead_aux,50-999999,50181,4.840477471552978,0.5794776301303071,0.6096980078172688,0.9465737913348238
SGNex_Hct116_directRNA_replicate3_run4,pooled_both,h2gcn_aux,all,121838,4.493671925015184,0.5312582844131615,0.553415093612289,0.9399728671461378
SGNex_Hct116_directRNA_replicate3_run4,pooled_both,h2gcn_aux,20-49,71657,4.250805922659335,0.5150605115773527,0.5372244487162093,0.9454688609462735
SGNex_Hct116_directRNA_replicate3_run4,pooled_both,h2gcn_aux,50-999999,50181,4.840477471552978,0.5483835130489987,0.5722195299921018,0.9320936406647741
SGNex_Hct116_directRNA_replicate3_run4,pooled_both,res_gate,all,121838,4.493671925015184,0.5620869036915953,0.5814740269335249,0.9485646738357769
SGNex_Hct116_directRNA_replicate3_run4,pooled_both,res_gate,20-49,71657,4.250805922659335,0.5456102727196792,0.5603110251497143,0.9542135536002531
SGNex_Hct116_directRNA_replicate3_run4,pooled_both,res_gate,50-999999,50181,4.840477471552978,0.5797428611541737,0.6045372666717254,0.9400689370378766
SGNex_Hct116_directRNA_replicate3_run4,pooled_both,scalar_msg,all,121838,4.493671925015184,0.5332211351168559,0.547801342001502,0.9411965422171061
SGNex_Hct116_directRNA_replicate3_run4,pooled_both,scalar_msg,20-49,71657,4.250805922659335,0.5091824225719558,0.5228907297922827,0.9458774492293394
SGNex_Hct116_directRNA_replicate3_run4,pooled_both,scalar_msg,50-999999,50181,4.840477471552978,0.558808152225872,0.5738867949946941,0.9341149251922638
SGNex_Hct116_directRNA_replicate3_run4,pooled_both,shipped (twohead + h2gcn_aux),all,121838,4.493671925015184,0.5748929706754743,0.5949508568609523,0.9518338130751834
SGNex_Hct116_directRNA_replicate3_run4,pooled_both,shipped (twohead + h2gcn_aux),20-49,71657,4.250805922659335,0.5617792115466679,0.5814691891674478,0.9560165734189034
SGNex_Hct116_directRNA_replicate3_run4,pooled_both,shipped (twohead + h2gcn_aux),50-999999,50181,4.840477471552978,0.5898073692514949,0.6134745246222035,0.945710511410643
SGNex_Hct116_directRNA_replicate3_run4,pooled_both,twohead + res_gate + scalar_msg,all,121838,4.493671925015184,0.584437840555522,0.5993461836095599,0.9530139117092132
SGNex_Hct116_directRNA_replicate3_run4,pooled_both,twohead + res_gate + scalar_msg,20-49,71657,4.250805922659335,0.5630838289548126,0.5786907820593689,0.9571227722271802
SGNex_Hct116_directRNA_replicate3_run4,pooled_both,twohead + res_gate + scalar_msg,50-999999,50181,4.840477471552978,0.6068038680276887,0.6235128797530951,0.946777667357924
SGNex_Hct116_directRNA_replicate4_run3,dataset0,h2gcn_aux,all,121838,4.493671925015184,0.532698866325791,0.5436054112222499,0.9404881653408872
SGNex_Hct116_directRNA_replicate4_run3,dataset0,h2gcn_aux,20-49,28869,3.876130104956874,0.4714680626734062,0.4762426420933135,0.9423813733304349
SGNex_Hct116_directRNA_replicate4_run3,dataset0,h2gcn_aux,50-999999,92969,4.685432778668158,0.5478387259228643,0.5622038528095842,0.9400719062368337
SGNex_Hct116_directRNA_replicate4_run3,dataset0,res_gate,all,121838,4.493671925015184,0.5668242566557254,0.5841413773272421,0.9484393315407221
SGNex_Hct116_directRNA_replicate4_run3,dataset0,res_gate,20-49,28869,3.876130104956874,0.49848442245913016,0.512297480285788,0.9501176887343107
SGNex_Hct116_directRNA_replicate4_run3,dataset0,res_gate,50-999999,92969,4.685432778668158,0.5819166586913412,0.6013253725061907,0.947898142941734
SGNex_Hct116_directRNA_replicate4_run3,dataset0,scalar_msg,all,121838,4.493671925015184,0.548489879831539,0.5601770024571249,0.945213271946154
SGNex_Hct116_directRNA_replicate4_run3,dataset0,scalar_msg,20-49,28869,3.876130104956874,0.46749911826310725,0.477630013342141,0.9465508940575964
SGNex_Hct116_directRNA_replicate4_run3,dataset0,scalar_msg,50-999999,92969,4.685432778668158,0.5665394729313211,0.579205725748619,0.9447994849344231
SGNex_Hct116_directRNA_replicate4_run3,dataset0,gps,all,121838,4.493671925015184,0.5510090078719242,0.5691785311586954,0.9476843817785292
SGNex_Hct116_directRNA_replicate4_run3,dataset0,gps,20-49,28869,3.876130104956874,0.47589940627009436,0.49524799005692,0.9508927050374772
SGNex_Hct116_directRNA_replicate4_run3,dataset0,gps,50-999999,92969,4.685432778668158,0.5729842288728638,0.5917230492927519,0.9469156228872635
SGNex_Hct116_directRNA_replicate4_run3,pooled_both,h2gcn_twohead_aux,all,121838,4.493671925015184,0.5599911588559177,0.5858816488801056,0.9539581502491593
SGNex_Hct116_directRNA_replicate4_run3,pooled_both,h2gcn_twohead_aux,20-49,28869,3.876130104956874,0.4893469579922929,0.49851330424190066,0.9538786722379214
SGNex_Hct116_directRNA_replicate4_run3,pooled_both,h2gcn_twohead_aux,50-999999,92969,4.685432778668158,0.5777353292268453,0.6090120445256021,0.9539217677444881
SGNex_Hct116_directRNA_replicate4_run3,pooled_both,h2gcn_aux,all,121838,4.493671925015184,0.5358032583854364,0.553415093612289,0.943480473657128
SGNex_Hct116_directRNA_replicate4_run3,pooled_both,h2gcn_aux,20-49,28869,3.876130104956874,0.4554432863384835,0.46701012481851994,0.944677342221578
SGNex_Hct116_directRNA_replicate4_run3,pooled_both,h2gcn_aux,50-999999,92969,4.685432778668158,0.5543549817713455,0.5743938188844918,0.9430347164702526
SGNex_Hct116_directRNA_replicate4_run3,pooled_both,res_gate,all,121838,4.493671925015184,0.5657556180793949,0.5814740269335249,0.9509655617515915
SGNex_Hct116_directRNA_replicate4_run3,pooled_both,res_gate,20-49,28869,3.876130104956874,0.4911808806363764,0.4982587445584925,0.9541106361052742
SGNex_Hct116_directRNA_replicate4_run3,pooled_both,res_gate,50-999999,92969,4.685432778668158,0.5825557365779132,0.6010379863894135,0.9501142554467893
SGNex_Hct116_directRNA_replicate4_run3,pooled_both,scalar_msg,all,121838,4.493671925015184,0.5438819693326683,0.547801342001502,0.9453276879542866
SGNex_Hct116_directRNA_replicate4_run3,pooled_both,scalar_msg,20-49,28869,3.876130104956874,0.46660749554026676,0.46223251742127064,0.9450550121166743
SGNex_Hct116_directRNA_replicate4_run3,pooled_both,scalar_msg,50-999999,92969,4.685432778668158,0.5615623693912647,0.5670223644830271,0.9454624193248887
SGNex_Hct116_directRNA_replicate4_run3,pooled_both,shipped (twohead + h2gcn_aux),all,121838,4.493671925015184,0.577549975266875,0.5949508568609523,0.9541434474240329
SGNex_Hct116_directRNA_replicate4_run3,pooled_both,shipped (twohead + h2gcn_aux),20-49,28869,3.876130104956874,0.5063155089944175,0.5158279236595247,0.9547882842628151
SGNex_Hct116_directRNA_replicate4_run3,pooled_both,shipped (twohead + h2gcn_aux),50-999999,92969,4.685432778668158,0.5943345401900632,0.6148393596154615,0.9539052236270888
SGNex_Hct116_directRNA_replicate4_run3,pooled_both,twohead + res_gate + scalar_msg,all,121838,4.493671925015184,0.5897863813468885,0.5993461836095599,0.9555112746103881
SGNex_Hct116_directRNA_replicate4_run3,pooled_both,twohead + res_gate + scalar_msg,20-49,28869,3.876130104956874,0.5154680755549075,0.5186469602315009,0.9562425589128003
SGNex_Hct116_directRNA_replicate4_run3,pooled_both,twohead + res_gate + scalar_msg,50-999999,92969,4.685432778668158,0.6067102247436074,0.6184606830690923,0.9553077624491064
