labels,model,-,alone,with transcript
data1,deepset (no graph),0.41190536931591176,,
data1,ensemble (both),,0.39124527826181216,0.4494917208359095
data1,h2gcn_aux,,0.4050446581592704,0.435491974271565
data1,h2gcn_twohead_aux,,0.32688853080730873,0.4366350864706891
data1,quantiles + LightGBM,0.39167361585367527,,
dataset0,deepset (no graph),0.5191811149859111,,
dataset0,ensemble (both),,0.46883741923718003,0.5949543351871976
dataset0,h2gcn_aux,,0.5125167843317799,0.553415093612289
dataset0,h2gcn_twohead_aux,,0.34932009943827247,0.5858816488801056
dataset0,quantiles + LightGBM,0.47227920663912526,,
