trained on,layer,distance band,attention share
dataset0,1,self,0.20860376598371272
dataset0,1,0-50 nt,0.13998798622110864
dataset0,1,50-150 nt,0.1478137149134248
dataset0,1,150-400 nt,0.19473214961461685
dataset0,1,400-end nt,0.3088623840038773
dataset0,2,self,0.11336816102596216
dataset0,2,0-50 nt,0.1460482557683901
dataset0,2,50-150 nt,0.1959821060535018
dataset0,2,150-400 nt,0.23321156222123188
dataset0,2,400-end nt,0.311389915297038
pooled_both,1,self,0.14296087140757116
pooled_both,1,0-50 nt,0.13733370629688457
pooled_both,1,50-150 nt,0.1634147187982784
pooled_both,1,150-400 nt,0.21229306432641432
pooled_both,1,400-end nt,0.3439976387036504
pooled_both,2,self,0.0939211567188658
pooled_both,2,0-50 nt,0.154840365731546
pooled_both,2,50-150 nt,0.20208420496293764
pooled_both,2,150-400 nt,0.23673929700276872
pooled_both,2,400-end nt,0.31241497600615975
