trained on,seed,fold,a (log reads),b (|own score|),c
dataset0,0,0,0.0011872363975271583,-0.028204910457134247,0.14404244720935822
dataset0,0,1,0.0033349383156746626,-0.04023504629731178,0.11212515085935593
dataset0,0,2,0.02865043841302395,-0.014663073234260082,0.09886176884174347
dataset0,0,3,-0.006370978429913521,-0.040080759674310684,0.1240590363740921
dataset0,0,4,-0.017343392595648766,-0.048475541174411774,0.09607650339603424
dataset0,1,0,-0.001147688482888043,-0.04800388216972351,0.1123017743229866
dataset0,1,1,0.002188114682212472,-0.03349936380982399,0.1212453842163086
dataset0,1,2,0.0031791767105460167,-0.007241556420922279,0.12662580609321594
dataset0,1,3,-0.010451999492943287,-0.04688708856701851,0.11008834093809128
dataset0,1,4,-0.013436202891170979,-0.034590184688568115,0.11493480205535889
dataset0,2,0,0.011896095238626003,-0.045293040573596954,0.11433848738670349
dataset0,2,1,-0.0011083767749369144,0.03159794583916664,0.11176737397909164
dataset0,2,2,0.006892963778227568,-0.07219697535037994,0.0651497095823288
dataset0,2,3,-0.03381635248661041,-0.03292922303080559,0.09896605461835861
dataset0,2,4,-0.03744484484195709,-0.02598678134381771,0.1317235231399536
pooled_both,0,0,-0.12865541875362396,-0.1717585176229477,0.11212683469057083
pooled_both,0,1,-0.1292351335287094,-0.18708080053329468,0.11213856190443039
pooled_both,0,2,-0.10450630635023117,-0.1814946085214615,0.13548141717910767
pooled_both,0,3,-0.13943807780742645,-0.12295655906200409,0.12570828199386597
pooled_both,0,4,-0.09946883469820023,-0.20466870069503784,0.09414779394865036
pooled_both,1,0,-0.12395758926868439,-0.20002877712249756,0.13461773097515106
pooled_both,1,1,-0.16499118506908417,-0.2027713805437088,0.1183805987238884
pooled_both,1,2,-0.14412225782871246,-0.1575581431388855,0.09007471799850464
pooled_both,1,3,-0.1423906832933426,-0.14530892670154572,0.1298600286245346
pooled_both,1,4,-0.10333943367004395,-0.20528846979141235,0.11277259886264801
pooled_both,2,0,-0.07921784371137619,-0.23768624663352966,0.08287058025598526
pooled_both,2,1,-0.11515048891305923,-0.2027738094329834,0.11800307035446167
pooled_both,2,2,-0.08506812900304794,-0.16250453889369965,0.1350848525762558
pooled_both,2,3,-0.12624913454055786,-0.1600215882062912,0.1388736367225647
pooled_both,2,4,-0.13754650950431824,-0.15524160861968994,0.13813970983028412
